sep=,
"time","block_delay"
2024-09-10 18:12:56,1
2024-09-10 19:13:25,1
2024-09-10 20:11:14,1
2024-09-10 21:13:23,1
2024-09-10 22:13:38,1
2024-09-10 23:11:17,1
2024-09-11 00:10:59,1
2024-09-11 01:13:12,1
2024-09-11 02:10:14,1
2024-09-11 03:11:04,1
2024-09-11 04:12:26,1
2024-09-11 05:09:24,1
2024-09-11 06:12:34,1
2024-09-11 07:13:48,1
2024-09-11 08:09:32,1
2024-09-11 09:09:00,1
2024-09-11 10:14:20,1
2024-09-11 11:12:32,1
2024-09-11 12:09:19,1
2024-09-11 13:11:23,1
2024-09-11 14:13:03,1
2024-09-11 15:11:28,1
2024-09-11 16:12:10,1
2024-09-11 17:12:52,1
2024-09-11 18:14:10,1
2024-09-11 19:11:21,1
2024-09-11 20:11:13,2
2024-09-11 21:10:06,1
2024-09-11 22:14:22,1
2024-09-11 23:11:52,1
2024-09-12 00:09:41,1
2024-09-12 01:10:30,1
2024-09-12 02:13:54,2
2024-09-12 03:13:44,1
2024-09-12 04:09:35,1
2024-09-12 05:13:55,1
2024-09-12 06:09:31,1
2024-09-12 07:12:39,1
2024-09-12 08:13:33,1
2024-09-12 09:14:29,1
2024-09-12 10:10:08,1
2024-09-12 11:11:21,1
2024-09-12 12:11:14,1
2024-09-12 13:12:20,1
2024-09-12 14:11:47,1
2024-09-12 15:11:47,2
2024-09-12 16:14:40,1
2024-09-12 17:12:46,1
2024-09-12 18:10:27,1
2024-09-12 19:11:26,1
2024-09-12 20:11:08,1
2024-09-12 21:09:37,1
2024-09-12 22:11:44,2
2024-09-12 23:10:41,1
2024-09-13 00:09:40,1
2024-09-13 01:10:59,1
2024-09-13 02:14:22,2
2024-09-13 03:12:49,1
2024-09-13 04:12:00,1
2024-09-13 05:11:19,1
2024-09-13 06:13:08,1
2024-09-13 07:11:34,1
2024-09-13 08:14:28,1
2024-09-13 09:09:54,1
2024-09-13 10:11:31,1
2024-09-13 11:14:26,1
2024-09-13 12:12:47,1
2024-09-13 13:11:36,1
2024-09-13 14:14:12,1
2024-09-13 15:13:34,1
2024-09-13 16:11:11,1
2024-09-13 17:12:56,1
2024-09-13 18:10:43,1
2024-09-13 19:12:21,1
2024-09-13 20:12:02,1
2024-09-13 21:13:16,1
2024-09-13 22:11:32,1
2024-09-13 23:10:12,1
2024-09-14 00:11:02,1
2024-09-14 01:13:27,1
2024-09-14 02:14:16,1
2024-09-14 03:14:03,1
2024-09-14 04:12:32,1
2024-09-14 05:10:59,1
2024-09-14 06:11:54,1
2024-09-14 07:13:26,1
2024-09-14 08:10:27,1
2024-09-14 09:13:48,1
2024-09-14 10:11:56,1
2024-09-14 11:11:38,1
2024-09-14 12:11:15,1
2024-09-14 13:12:13,1
2024-09-14 14:11:17,1
2024-09-14 15:11:14,1
2024-09-14 16:14:22,1
2024-09-14 17:09:46,1
2024-09-14 18:13:49,1
2024-09-14 19:12:36,1
2024-09-14 20:11:59,1
2024-09-14 21:11:18,1
2024-09-14 22:10:18,1
2024-09-14 23:12:29,1
2024-09-15 00:10:16,1
2024-09-15 01:10:40,1
2024-09-15 02:10:28,1
2024-09-15 03:10:07,1
2024-09-15 04:14:20,1
2024-09-15 05:14:30,1
2024-09-15 06:12:05,1
2024-09-15 07:09:50,1
2024-09-15 08:11:37,2
2024-09-15 09:10:03,1
2024-09-15 10:12:41,1
2024-09-15 11:11:33,1
2024-09-15 12:10:44,1
2024-09-15 13:10:26,1
2024-09-15 14:13:40,1
2024-09-15 15:12:36,1
2024-09-15 16:11:41,1
2024-09-15 17:14:42,1
2024-09-15 18:11:41,1
2024-09-15 19:13:26,1
2024-09-15 20:12:16,1
2024-09-15 21:13:06,1
2024-09-15 22:13:04,1
2024-09-15 23:11:09,1
2024-09-16 00:12:43,1
2024-09-16 01:12:52,1
2024-09-16 02:14:48,1
2024-09-16 03:10:45,1
2024-09-16 04:12:33,1
2024-09-16 05:12:48,1
2024-09-16 06:13:47,1
2024-09-16 07:13:58,1
2024-09-16 08:12:09,1
2024-09-16 09:14:51,1
2024-09-16 09:51:10,1
2024-09-16 09:52:19,1
2024-09-16 09:52:27,1
2024-09-16 10:50:35,1
2024-09-16 11:07:29,1
2024-09-16 11:21:37,1
2024-09-16 11:53:06,1
2024-09-16 12:15:04,1
2024-09-16 12:15:18,1
2024-09-16 12:16:21,1
2024-09-16 12:16:36,2
2024-09-16 13:14:38,1
2024-09-16 13:30:52,1
2024-09-16 13:46:30,1
2024-09-16 13:58:57,1
2024-09-16 14:14:15,1
2024-09-16 14:42:09,1
2024-09-16 15:12:03,1
2024-09-16 15:15:55,1
2024-09-16 15:43:57,1
2024-09-16 16:01:22,1
2024-09-16 16:13:00,1
2024-09-16 16:46:02,1
2024-09-16 17:14:15,1
2024-09-16 17:15:14,1
2024-09-16 17:28:47,1
2024-09-16 18:11:48,1
2024-09-16 18:14:24,1
2024-09-16 18:27:21,1
2024-09-16 19:13:00,2
2024-09-16 19:46:13,3
2024-09-16 20:14:15,1
2024-09-16 20:58:51,1
2024-09-16 20:59:30,1
2024-09-16 21:12:02,1
2024-09-16 21:13:30,1
2024-09-16 22:12:50,1
2024-09-16 22:16:18,1
2024-09-16 22:43:16,1
2024-09-16 23:14:54,1
2024-09-16 23:28:21,1
2024-09-17 00:11:45,1
2024-09-17 00:16:17,1
2024-09-17 00:32:01,1
2024-09-17 00:45:55,1
2024-09-17 01:15:35,1
2024-09-17 01:45:12,1
2024-09-17 02:00:35,1
2024-09-17 02:14:12,1
2024-09-17 02:16:12,1
2024-09-17 03:15:04,3
2024-09-17 03:59:49,1
2024-09-17 04:14:04,1
2024-09-17 04:27:41,1
2024-09-17 04:45:48,1
2024-09-17 05:14:54,2
2024-09-17 05:43:51,1
2024-09-17 05:47:10,1
2024-09-17 06:12:35,1
2024-09-17 06:13:51,1
2024-09-17 07:00:03,1
2024-09-17 07:12:05,1
2024-09-17 07:29:27,1
2024-09-17 07:42:11,1
2024-09-17 08:15:22,1
2024-09-17 08:16:17,1
2024-09-17 09:12:11,1
2024-09-17 09:13:28,1
2024-09-17 09:15:20,1
2024-09-17 09:31:12,1
2024-09-17 10:13:58,1
2024-09-17 10:41:47,1
2024-09-17 10:45:50,1
2024-09-17 10:58:17,1
2024-09-17 11:13:55,1
2024-09-17 11:58:30,1
2024-09-17 12:14:44,1
2024-09-17 12:16:32,1
2024-09-17 12:46:51,1
2024-09-17 13:12:56,1
2024-09-17 13:16:41,2
2024-09-17 13:42:24,1
2024-09-17 14:17:07,1
2024-09-17 14:29:48,1
2024-09-17 14:30:06,2
2024-09-17 15:14:10,1
2024-09-17 15:15:03,1
2024-09-17 15:47:29,1
2024-09-17 16:15:55,1
2024-09-17 16:16:24,2
2024-09-17 16:44:26,1
2024-09-17 16:57:22,1
2024-09-17 17:15:22,1
2024-09-17 17:58:42,2
2024-09-17 18:14:15,1
2024-09-17 18:14:27,2
2024-09-17 18:15:37,1
2024-09-17 19:14:45,1
2024-09-17 19:30:06,1
2024-09-17 19:42:23,1
2024-09-17 19:46:17,1
2024-09-17 20:14:20,1
2024-09-17 20:43:53,1
2024-09-17 21:15:02,1
2024-09-17 21:17:05,1
2024-09-17 21:27:09,1
2024-09-17 22:00:04,1
2024-09-17 22:14:30,1
2024-09-17 22:46:00,1
2024-09-17 23:13:02,1
2024-09-17 23:14:09,1
2024-09-17 23:16:27,2
2024-09-18 00:14:56,2
2024-09-18 00:31:46,2
2024-09-18 01:01:26,1
2024-09-18 01:16:07,1
2024-09-18 01:43:03,1
2024-09-18 01:46:21,1
2024-09-18 02:13:51,1
2024-09-18 02:46:24,1
2024-09-18 02:59:04,1
2024-09-18 03:14:32,1
2024-09-18 03:16:46,1
2024-09-18 04:12:17,1
2024-09-18 04:14:03,1
2024-09-18 04:30:54,1
2024-09-18 04:45:45,1
2024-09-18 05:13:31,1
2024-09-18 05:28:36,1
2024-09-18 06:12:56,1
2024-09-18 06:14:49,1
2024-09-18 06:15:45,1
2024-09-18 06:39:58,2
2024-09-18 06:40:42,1
2024-09-18 06:48:55,1
2024-09-18 07:02:36,1
2024-09-18 07:20:01,1
2024-09-18 07:31:08,1
2024-09-18 07:48:32,1
2024-09-18 08:04:32,2
2024-09-18 08:17:37,1
2024-09-18 08:33:31,1
2024-09-18 08:48:05,1
2024-09-18 09:01:37,1
2024-09-18 09:19:00,1
2024-09-18 09:31:22,1
2024-09-18 09:50:18,1
2024-09-18 10:02:30,1
2024-09-18 10:19:52,1
2024-09-18 10:31:27,1
2024-09-18 10:48:56,1
2024-09-18 11:03:57,1
2024-09-18 11:15:35,1
2024-09-18 11:33:03,1
2024-09-18 11:49:05,1
2024-09-18 12:01:42,1
2024-09-18 12:19:33,1
2024-09-18 12:33:26,1
2024-09-18 12:46:02,1
2024-09-18 13:03:24,1
2024-09-18 13:18:09,1
2024-09-18 13:31:40,1
2024-09-18 13:47:39,1
2024-09-18 14:05:34,1
2024-09-18 14:18:46,1
2024-09-18 14:32:15,1
2024-09-18 14:49:56,1
2024-09-18 15:03:17,1
2024-09-18 15:16:08,1
2024-09-18 15:31:23,1
2024-09-18 15:47:13,1
2024-09-18 16:00:54,1
2024-09-18 16:20:22,1
2024-09-18 16:33:31,1
2024-09-18 16:49:26,1
2024-09-18 17:03:28,2
2024-09-18 17:18:34,1
2024-09-18 17:36:05,1
2024-09-18 17:48:37,1
2024-09-18 18:05:31,2
2024-09-18 18:19:23,1
2024-09-18 18:35:42,1
2024-09-18 18:50:31,1
2024-09-18 19:01:25,2
2024-09-18 19:19:14,1
2024-09-18 19:31:14,1
2024-09-18 19:49:07,1
2024-09-18 20:01:27,1
2024-09-18 20:20:48,1
2024-09-18 20:35:29,1
2024-09-18 20:48:25,1
2024-09-18 21:04:08,1
2024-09-18 21:17:25,1
2024-09-18 21:31:28,1
2024-09-18 21:46:51,1
2024-09-18 22:04:03,1
2024-09-18 22:18:50,1
2024-09-18 22:33:00,1
2024-09-18 22:49:00,1
2024-09-18 23:06:52,1
2024-09-18 23:16:51,1
2024-09-18 23:32:52,1
2024-09-18 23:49:31,1
2024-09-19 00:05:50,1
2024-09-19 00:20:13,1
2024-09-19 00:34:19,1
2024-09-19 00:46:46,1
2024-09-19 01:04:52,1
2024-09-19 01:16:59,1
2024-09-19 01:31:35,1
2024-09-19 01:45:49,2
2024-09-19 02:01:21,1
2024-09-19 02:16:47,2
2024-09-19 02:32:35,1
2024-09-19 02:49:58,1
2024-09-19 03:04:59,1
2024-09-19 03:17:10,1
2024-09-19 03:32:48,2
2024-09-19 03:49:47,1
2024-09-19 04:02:35,1
2024-09-19 04:20:06,2
2024-09-19 04:30:57,1
2024-09-19 04:48:15,1
2024-09-19 05:04:39,1
2024-09-19 05:20:05,1
2024-09-19 05:31:13,1
2024-09-19 05:50:20,1
2024-09-19 06:05:19,1
2024-09-19 06:20:27,1
2024-09-19 06:32:07,1
2024-09-19 06:46:44,1
2024-09-19 07:04:31,2
2024-09-19 07:16:20,1
2024-09-19 07:34:35,1
2024-09-19 07:48:59,1
2024-09-19 08:02:08,1
2024-09-19 08:17:21,1
2024-09-19 08:30:46,1
2024-09-19 08:49:06,1
2024-09-19 09:04:04,1
2024-09-19 09:17:09,1
2024-09-19 09:32:33,1
2024-09-19 09:46:37,1
2024-09-19 10:01:08,1
2024-09-19 10:17:46,1
2024-09-19 10:31:33,1
2024-09-19 10:49:54,1
2024-09-19 11:06:27,2
2024-09-19 11:17:09,1
2024-09-19 11:31:17,1
2024-09-19 11:49:32,1
2024-09-19 12:05:15,1
2024-09-19 12:20:33,1
2024-09-19 12:32:39,1
2024-09-19 12:49:19,1
2024-09-19 13:01:25,1
2024-09-19 13:16:38,1
2024-09-19 13:32:06,1
2024-09-19 13:45:41,1
2024-09-19 14:05:19,1
2024-09-19 14:20:12,1
2024-09-19 14:34:12,1
2024-09-19 14:50:29,1
2024-09-19 15:04:26,2
2024-09-19 15:17:35,1
2024-09-19 15:34:37,1
2024-09-19 15:48:08,1
2024-09-19 16:01:26,1
2024-09-19 16:17:25,1
2024-09-19 16:34:08,1
2024-09-19 16:48:46,2
2024-09-19 17:01:38,1
2024-09-19 17:17:31,1
2024-09-19 17:35:33,1
2024-09-19 17:46:55,1
2024-09-19 18:03:18,1
2024-09-19 18:16:50,1
2024-09-19 18:33:25,1
2024-09-19 18:47:11,1
2024-09-19 19:04:03,1
2024-09-19 19:17:27,1
2024-09-19 19:34:15,1
2024-09-19 19:49:30,2
2024-09-19 20:03:11,1
2024-09-19 20:19:47,1
2024-09-19 20:32:46,1
2024-09-19 20:49:10,1
2024-09-19 21:02:05,1
2024-09-19 21:17:49,1
2024-09-19 21:35:06,1
2024-09-19 21:46:33,1
2024-09-19 22:02:40,2
2024-09-19 22:17:36,1
2024-09-19 22:31:41,1
2024-09-19 22:47:10,1
2024-09-19 23:04:19,1
2024-09-19 23:20:12,1
2024-09-19 23:35:11,1
2024-09-19 23:49:55,1
2024-09-20 00:05:11,1
2024-09-20 00:20:52,1
2024-09-20 00:34:59,1
2024-09-20 00:49:07,1
2024-09-20 01:04:43,1
2024-09-20 01:20:29,1
2024-09-20 01:33:56,1
2024-09-20 01:45:41,1
2024-09-20 02:04:03,1
2024-09-20 02:18:54,1
2024-09-20 02:33:15,1
2024-09-20 02:48:12,1
2024-09-20 03:02:16,1
2024-09-20 03:18:37,1
2024-09-20 03:33:24,1
2024-09-20 03:48:26,1
2024-09-20 04:04:25,1
2024-09-20 04:19:42,1
2024-09-20 04:32:03,1
2024-09-20 04:46:53,1
2024-09-20 05:02:47,1
2024-09-20 05:17:19,1
2024-09-20 05:33:19,1
2024-09-20 05:45:40,1
2024-09-20 06:02:48,1
2024-09-20 06:21:17,1
2024-09-20 06:34:40,1
2024-09-20 06:48:06,1
2024-09-20 07:01:17,1
2024-09-20 07:19:54,1
2024-09-20 07:33:48,1
2024-09-20 07:47:12,2
2024-09-20 08:02:10,1
2024-09-20 08:17:25,1
2024-09-20 08:34:27,1
2024-09-20 08:46:14,1
2024-09-20 09:04:02,2
2024-09-20 09:19:16,1
2024-09-20 09:32:28,1
2024-09-20 09:47:13,1
2024-09-20 10:01:32,1
2024-09-20 10:18:04,1
2024-09-20 10:32:24,1
2024-09-20 10:45:36,1
2024-09-20 11:05:37,1
2024-09-20 11:17:32,1
2024-09-20 11:30:32,1
2024-09-20 11:46:49,1
2024-09-20 12:01:26,1
2024-09-20 12:16:35,2
2024-09-20 12:31:21,1
2024-09-20 12:46:32,1
2024-09-20 13:04:06,1
2024-09-20 13:20:15,1
2024-09-20 13:35:18,2
2024-09-20 13:48:14,1
2024-09-20 14:03:57,1
2024-09-20 14:16:57,1
2024-09-20 14:33:03,1
2024-09-20 14:47:33,1
2024-09-20 15:04:27,1
2024-09-20 15:18:37,1
2024-09-20 15:34:47,1
2024-09-20 15:48:35,1
2024-09-20 16:04:18,1
2024-09-20 16:19:24,1
2024-09-20 16:34:11,1
2024-09-20 16:48:04,1
2024-09-20 17:03:14,1
2024-09-20 17:19:44,1
2024-09-20 17:35:18,1
2024-09-20 17:46:37,1
2024-09-20 18:02:33,1
2024-09-20 18:19:21,1
2024-09-20 18:31:21,1
2024-09-20 18:50:17,1
2024-09-20 19:01:18,1
2024-09-20 19:20:09,1
2024-09-20 19:33:29,2
2024-09-20 19:48:26,1
2024-09-20 20:05:18,1
2024-09-20 20:19:11,1
2024-09-20 20:32:10,1
2024-09-20 20:45:40,1
2024-09-20 21:04:32,1
2024-09-20 21:17:03,1
2024-09-20 21:30:56,1
2024-09-20 21:47:10,1
2024-09-20 22:01:57,1
2024-09-20 22:15:53,1
2024-09-20 22:34:11,1
2024-09-20 22:48:58,1
2024-09-20 23:04:43,1
2024-09-20 23:17:40,1
2024-09-20 23:34:26,1
2024-09-20 23:48:01,1
2024-09-21 00:04:39,1
2024-09-21 00:15:41,1
2024-09-21 00:32:44,1
2024-09-21 00:47:56,1
2024-09-21 01:03:56,1
2024-09-21 01:20:10,1
2024-09-21 01:32:10,1
2024-09-21 01:47:56,1
2024-09-21 02:01:32,1
2024-09-21 02:19:25,1
2024-09-21 02:32:22,1
2024-09-21 02:49:47,1
2024-09-21 03:03:26,1
2024-09-21 03:18:01,1
2024-09-21 03:33:25,1
2024-09-21 03:48:06,1
2024-09-21 04:05:18,1
2024-09-21 04:16:20,1
2024-09-21 04:34:07,1
2024-09-21 04:47:06,1
2024-09-21 05:04:04,1
2024-09-21 05:20:25,1
2024-09-21 05:32:33,1
2024-09-21 05:49:36,1
2024-09-21 06:03:15,2
2024-09-21 06:18:56,1
2024-09-21 06:34:33,1
2024-09-21 06:46:42,1
2024-09-21 07:02:36,1
2024-09-21 07:17:06,1
2024-09-21 07:33:31,1
2024-09-21 07:50:20,1
2024-09-21 08:02:13,2
2024-09-21 08:18:01,1
2024-09-21 08:30:53,1
2024-09-21 08:47:38,1
2024-09-21 09:01:00,1
2024-09-21 09:17:41,1
2024-09-21 09:31:24,1
2024-09-21 09:45:52,1
2024-09-21 10:01:31,1
2024-09-21 10:17:04,1
2024-09-21 10:32:50,1
2024-09-21 10:48:46,1
2024-09-21 11:05:44,1
2024-09-21 11:20:20,1
2024-09-21 11:33:03,1
2024-09-21 11:45:54,1
2024-09-21 12:05:01,1
2024-09-21 12:19:39,1
2024-09-21 12:33:38,1
2024-09-21 12:46:03,1
2024-09-21 13:05:22,1
2024-09-21 13:20:42,1
2024-09-21 13:35:46,1
2024-09-21 13:49:52,1
2024-09-21 14:03:57,2
2024-09-21 14:17:24,1
2024-09-21 14:32:49,1
2024-09-21 14:48:23,1
2024-09-21 15:03:31,1
2024-09-21 15:15:56,1
2024-09-21 15:32:18,1
2024-09-21 15:48:05,1
2024-09-21 16:04:02,2
2024-09-21 16:16:00,1
2024-09-21 16:34:16,1
2024-09-21 16:49:32,1
2024-09-21 17:03:32,1
2024-09-21 17:17:32,1
2024-09-21 17:33:51,1
2024-09-21 17:47:16,1
2024-09-21 18:01:05,1
2024-09-21 18:19:14,2
2024-09-21 18:34:19,1
2024-09-21 18:50:16,1
2024-09-21 19:01:04,1
2024-09-21 19:17:49,1
2024-09-21 19:35:19,1
2024-09-21 19:50:00,1
2024-09-21 20:04:29,1
2024-09-21 20:19:00,1
2024-09-21 20:33:30,1
2024-09-21 20:49:26,1
2024-09-21 21:00:47,1
2024-09-21 21:15:40,1
2024-09-21 21:33:33,1
2024-09-21 21:46:34,1
2024-09-21 22:01:16,1
2024-09-21 22:17:12,1
2024-09-21 22:32:14,1
2024-09-21 22:50:32,1
2024-09-21 23:03:38,1
2024-09-21 23:18:11,1
2024-09-21 23:31:58,1
2024-09-21 23:47:48,1
2024-09-22 00:04:26,1
2024-09-22 00:19:32,1
2024-09-22 00:33:41,1
2024-09-22 00:47:54,1
2024-09-22 01:03:47,1
2024-09-22 01:19:57,1
2024-09-22 01:34:27,1
2024-09-22 01:50:00,1
2024-09-22 02:04:04,1
2024-09-22 02:18:43,1
2024-09-22 02:35:06,1
2024-09-22 02:47:44,1
2024-09-22 03:03:53,1
2024-09-22 03:18:11,1
2024-09-22 03:34:58,1
2024-09-22 03:49:14,1
2024-09-22 04:03:10,1
2024-09-22 04:18:56,1
2024-09-22 04:33:39,1
2024-09-22 04:49:57,1
2024-09-22 05:05:22,1
2024-09-22 05:19:07,1
2024-09-22 05:31:23,1
2024-09-22 05:48:06,1
2024-09-22 06:05:39,1
2024-09-22 06:19:38,1
2024-09-22 06:33:22,1
2024-09-22 06:47:43,1
2024-09-22 07:05:49,1
2024-09-22 07:16:30,1
2024-09-22 07:33:38,1
2024-09-22 07:49:15,1
2024-09-22 08:01:46,2
2024-09-22 08:17:04,1
2024-09-22 08:32:21,1
2024-09-22 08:48:56,1
2024-09-22 09:03:10,1
2024-09-22 09:20:24,1
2024-09-22 09:34:25,1
2024-09-22 09:46:07,1
2024-09-22 10:05:00,1
2024-09-22 10:18:43,1
2024-09-22 10:33:38,1
2024-09-22 10:45:34,1
2024-09-22 11:04:44,1
2024-09-22 11:16:41,1
2024-09-22 11:35:21,1
2024-09-22 11:46:34,1
2024-09-22 12:00:24,1
2024-09-22 12:18:28,1
2024-09-22 12:33:36,1
2024-09-22 12:46:13,1
2024-09-22 13:05:01,2
2024-09-22 13:18:17,1
2024-09-22 13:31:40,1
2024-09-22 13:46:59,1
2024-09-22 14:03:37,1
2024-09-22 14:20:36,1
2024-09-22 14:35:34,1
2024-09-22 14:46:14,1
2024-09-22 15:01:29,1
2024-09-22 15:20:20,1
2024-09-22 15:33:14,1
2024-09-22 15:48:35,1
2024-09-22 16:01:37,2
2024-09-22 16:18:44,1
2024-09-22 16:34:15,1
2024-09-22 16:48:11,1
2024-09-22 17:01:17,1
2024-09-22 17:18:04,1
2024-09-22 17:34:21,1
2024-09-22 17:48:07,1
2024-09-22 18:04:18,1
2024-09-22 18:16:33,1
2024-09-22 18:35:18,1
2024-09-22 18:48:43,1
2024-09-22 19:01:27,1
2024-09-22 19:19:11,1
2024-09-22 19:34:16,1
2024-09-22 19:46:35,1
2024-09-22 20:04:02,1
2024-09-22 20:19:12,1
2024-09-22 20:34:03,1
2024-09-22 20:47:38,1
2024-09-22 21:01:36,1
2024-09-22 21:18:31,1
2024-09-22 21:32:43,1
2024-09-22 21:46:50,1
2024-09-22 22:04:35,1
2024-09-22 22:16:57,1
2024-09-22 22:30:33,1
2024-09-22 22:49:31,1
2024-09-22 23:04:59,1
2024-09-22 23:15:24,1
2024-09-22 23:33:47,1
2024-09-22 23:47:40,1
2024-09-23 00:05:09,1
2024-09-23 00:20:05,1
2024-09-23 00:34:14,1
2024-09-23 00:47:14,1
2024-09-23 01:02:20,2
2024-09-23 01:18:54,2
2024-09-23 01:35:29,1
2024-09-23 01:49:52,1
2024-09-23 02:04:11,1
2024-09-23 02:15:39,1
2024-09-23 02:32:17,1
2024-09-23 02:47:04,1
2024-09-23 03:02:55,1
2024-09-23 03:17:54,1
2024-09-23 03:34:43,1
2024-09-23 03:46:08,2
2024-09-23 04:02:24,1
2024-09-23 04:19:12,1
2024-09-23 04:34:32,1
2024-09-23 04:48:02,1
2024-09-23 05:02:48,1
2024-09-23 05:16:10,1
2024-09-23 05:32:36,1
2024-09-23 05:47:48,1
2024-09-23 06:01:59,1
2024-09-23 06:16:40,1
2024-09-23 06:35:07,1
2024-09-23 06:46:39,1
2024-09-23 07:02:38,1
2024-09-23 07:18:10,2
2024-09-23 07:34:55,1
2024-09-23 07:49:23,1
2024-09-23 08:04:22,2
2024-09-23 08:20:23,1
2024-09-23 08:34:58,1
2024-09-23 08:48:55,1
2024-09-23 09:04:18,1
2024-09-23 09:16:29,1
2024-09-23 09:33:02,1
2024-09-23 09:48:33,1
2024-09-23 10:05:36,1
2024-09-23 10:19:09,1
2024-09-23 10:31:13,1
2024-09-23 10:45:55,1
2024-09-23 11:05:33,1
2024-09-23 11:19:02,1
2024-09-23 11:34:33,1
2024-09-23 11:46:39,1
2024-09-23 12:04:21,1
2024-09-23 12:19:45,1
2024-09-23 12:34:48,1
2024-09-23 12:46:56,1
2024-09-23 13:01:31,1
2024-09-23 13:17:39,1
2024-09-23 13:35:20,1
2024-09-23 13:46:43,1
2024-09-23 14:00:37,1
2024-09-23 14:19:28,1
2024-09-23 14:31:17,1
2024-09-23 14:48:20,2
2024-09-23 15:04:35,1
2024-09-23 15:18:00,1
2024-09-23 15:33:49,1
2024-09-23 15:49:50,1
2024-09-23 16:03:32,1
2024-09-23 16:19:14,1
2024-09-23 16:33:27,2
2024-09-23 16:49:39,1
2024-09-23 17:05:23,1
2024-09-23 17:17:12,1
2024-09-23 17:35:30,1
2024-09-23 17:49:47,1
2024-09-23 18:02:49,1
2024-09-23 18:20:04,1
2024-09-23 18:33:55,1
2024-09-23 18:47:35,1
2024-09-23 19:03:24,1
2024-09-23 19:19:55,1
2024-09-23 19:33:46,2
2024-09-23 19:48:09,1
2024-09-23 20:01:12,1
2024-09-23 20:20:08,1
2024-09-23 20:33:12,1
2024-09-23 20:47:15,1
2024-09-23 21:02:42,1
2024-09-23 21:17:41,1
2024-09-23 21:30:57,1
2024-09-23 21:49:36,1
2024-09-23 22:06:32,1
2024-09-23 22:19:37,1
2024-09-23 22:34:37,2
2024-09-23 22:49:12,1
2024-09-23 23:02:33,1
2024-09-23 23:18:26,1
2024-09-23 23:34:50,1
2024-09-23 23:47:31,1
2024-09-24 00:02:39,1
2024-09-24 00:18:27,1
2024-09-24 00:33:34,1
2024-09-24 00:48:37,1
2024-09-24 01:03:27,1
2024-09-24 01:19:29,1
2024-09-24 01:34:32,1
2024-09-24 01:47:41,1
2024-09-24 02:02:28,1
2024-09-24 02:16:35,1
2024-09-24 02:32:26,1
2024-09-24 02:49:16,1
2024-09-24 03:01:51,1
2024-09-24 03:16:37,1
2024-09-24 03:32:13,1
2024-09-24 03:50:04,1
2024-09-24 04:04:35,1
2024-09-24 04:19:01,1
2024-09-24 04:30:30,1
2024-09-24 04:47:44,1
2024-09-24 05:05:09,2
2024-09-24 05:20:21,1
2024-09-24 05:35:23,1
2024-09-24 05:48:39,1
2024-09-24 06:01:54,1
2024-09-24 06:16:53,1
2024-09-24 06:32:09,1
2024-09-24 06:50:05,2
2024-09-24 07:04:35,1
2024-09-24 07:19:00,1
2024-09-24 07:34:08,1
2024-09-24 07:48:48,1
2024-09-24 08:03:50,1
2024-09-24 08:17:59,4
2024-09-24 08:30:37,2
2024-09-24 08:48:02,2
2024-09-24 09:04:26,2
2024-09-24 09:19:27,1
2024-09-24 09:34:33,1
2024-09-24 09:47:06,1
2024-09-24 10:03:33,1
2024-09-24 10:18:45,1
2024-09-24 10:34:53,1
2024-09-24 10:51:32,1
2024-09-24 11:03:29,1
2024-09-24 11:17:56,2
2024-09-24 11:35:31,1
2024-09-24 11:47:24,1
2024-09-24 12:02:32,1
2024-09-24 12:18:14,1
2024-09-24 12:31:00,1
2024-09-24 12:48:44,1
2024-09-24 13:03:45,1
2024-09-24 13:17:32,1
2024-09-24 13:34:57,1
2024-09-24 13:46:47,1
2024-09-24 14:01:58,1
2024-09-24 14:16:40,1
2024-09-24 14:33:41,1
2024-09-24 14:46:08,1
2024-09-24 15:01:54,1
2024-09-24 15:20:08,1
2024-09-24 15:31:40,1
2024-09-24 15:50:02,1
2024-09-24 16:04:06,1
2024-09-24 16:19:29,1
2024-09-24 16:32:38,1
2024-09-24 16:48:44,1
2024-09-24 17:03:11,1
2024-09-24 17:17:53,1
2024-09-24 17:35:34,1
2024-09-24 17:50:39,2
2024-09-24 18:03:20,1
2024-09-24 18:20:18,1
2024-09-24 18:34:43,1
2024-09-24 18:48:18,1
2024-09-24 19:00:50,1
2024-09-24 19:18:33,1
2024-09-24 19:32:33,1
2024-09-24 19:47:43,1
2024-09-24 20:04:57,1
2024-09-24 20:17:11,1
2024-09-24 20:32:53,1
2024-09-24 20:46:22,1
2024-09-24 21:03:06,1
2024-09-24 21:18:13,1
2024-09-24 21:31:35,1
2024-09-24 21:46:39,1
2024-09-24 22:01:11,1
2024-09-24 22:20:52,1
2024-09-24 22:35:04,1
2024-09-24 22:49:18,1
2024-09-24 23:02:46,1
2024-09-24 23:16:35,1
2024-09-24 23:32:41,1
2024-09-24 23:46:48,1
2024-09-25 00:03:04,2
2024-09-25 00:20:51,1
2024-09-25 00:33:43,2
2024-09-25 00:46:11,1
2024-09-25 01:00:28,1
2024-09-25 01:15:56,1
2024-09-25 01:34:37,1
2024-09-25 01:49:54,1
2024-09-25 02:02:15,1
2024-09-25 02:15:57,1
2024-09-25 02:35:01,1
2024-09-25 02:45:51,2
2024-09-25 03:05:07,1
2024-09-25 03:19:32,2
2024-09-25 03:31:35,1
2024-09-25 03:45:47,1
2024-09-25 04:03:05,1
2024-09-25 04:19:57,1
2024-09-25 04:33:48,1
2024-09-25 04:47:38,1
2024-09-25 05:03:25,1
2024-09-25 05:18:47,1
2024-09-25 05:31:21,1
2024-09-25 05:48:47,2
2024-09-25 06:04:45,1
2024-09-25 06:17:08,1
2024-09-25 06:33:58,1
2024-09-25 06:47:17,1
2024-09-25 07:03:45,1
2024-09-25 07:17:19,1
2024-09-25 07:35:20,1
2024-09-25 07:49:43,1
2024-09-25 08:04:20,1
2024-09-25 08:19:27,1
2024-09-25 08:35:07,1
2024-09-25 08:46:30,2
2024-09-25 09:01:22,1
2024-09-25 09:19:10,1
2024-09-25 09:30:35,1
2024-09-25 09:50:06,1
2024-09-25 10:02:26,1
2024-09-25 10:19:16,1
2024-09-25 10:30:54,1
2024-09-25 10:47:30,1
2024-09-25 11:03:55,1
2024-09-25 11:17:16,1
2024-09-25 11:31:38,1
2024-09-25 11:47:02,1
2024-09-25 12:04:33,1
2024-09-25 12:17:42,1
2024-09-25 12:30:41,1
2024-09-25 12:50:27,1
2024-09-25 13:02:26,1
2024-09-25 13:21:09,1
2024-09-25 13:35:25,1
2024-09-25 13:48:50,1
2024-09-25 14:04:31,1
2024-09-25 14:17:01,1
2024-09-25 14:35:32,1
2024-09-25 14:46:42,2
2024-09-25 15:00:56,1
2024-09-25 15:16:18,1
2024-09-25 15:35:11,1
2024-09-25 15:48:17,1
2024-09-25 16:03:12,1
2024-09-25 16:15:25,1
2024-09-25 16:32:34,1
2024-09-25 16:50:09,1
2024-09-25 17:04:12,1
2024-09-25 17:17:03,1
2024-09-25 17:35:48,2
2024-09-25 17:48:20,1
2024-09-25 18:01:02,1
2024-09-25 18:18:58,1
2024-09-25 18:32:44,1
2024-09-25 18:46:34,1
2024-09-25 19:02:33,1
2024-09-25 19:18:16,1
2024-09-25 19:31:35,1
2024-09-25 19:48:32,1
2024-09-25 20:05:35,1
2024-09-25 20:20:02,1
2024-09-25 20:33:04,1
2024-09-25 20:50:21,1
2024-09-25 21:01:20,2
2024-09-25 21:21:21,1
2024-09-25 21:32:22,1
2024-09-25 21:47:07,1
2024-09-25 22:02:17,1
2024-09-25 22:17:14,1
2024-09-25 22:34:12,1
2024-09-25 22:47:11,1
2024-09-25 23:01:57,1
2024-09-25 23:16:48,1
2024-09-25 23:32:51,1
2024-09-25 23:46:20,1
2024-09-26 00:05:01,1
2024-09-26 00:21:39,1
2024-09-26 00:34:01,1
2024-09-26 00:46:28,1
2024-09-26 01:00:53,1
2024-09-26 01:16:44,1
2024-09-26 01:32:03,1
2024-09-26 01:50:16,1
2024-09-26 02:05:19,1
2024-09-26 02:17:24,1
2024-09-26 02:32:30,1
2024-09-26 02:49:44,1
2024-09-26 03:06:23,1
2024-09-26 03:18:20,1
2024-09-26 03:34:59,1
2024-09-26 03:49:12,1
2024-09-26 04:05:10,1
2024-09-26 04:18:19,1
2024-09-26 04:33:31,1
2024-09-26 04:47:43,1
2024-09-26 05:02:05,1
2024-09-26 05:17:10,1
2024-09-26 05:35:16,1
2024-09-26 05:46:17,1
2024-09-26 06:03:27,1
2024-09-26 06:16:17,1
2024-09-26 06:32:00,1
2024-09-26 06:48:57,1
2024-09-26 07:03:26,1
2024-09-26 07:17:01,1
2024-09-26 07:33:21,1
2024-09-26 07:48:26,1
2024-09-26 08:04:37,1
2024-09-26 08:19:44,1
2024-09-26 08:34:02,1
2024-09-26 08:47:17,1
2024-09-26 09:02:07,1
2024-09-26 09:16:46,1
2024-09-26 09:32:49,1
2024-09-26 09:49:28,1
2024-09-26 10:02:58,1
2024-09-26 10:16:30,1
2024-09-26 10:36:00,1
2024-09-26 10:46:29,1
2024-09-26 11:01:06,1
2024-09-26 11:19:43,1
2024-09-26 11:32:34,1
2024-09-26 11:48:26,2
2024-09-26 12:02:05,1
2024-09-26 12:17:31,2
2024-09-26 12:34:28,1
2024-09-26 12:46:01,1
2024-09-26 13:06:07,1
2024-09-26 13:16:27,1
2024-09-26 13:31:08,1
2024-09-26 13:49:36,1
2024-09-26 14:04:11,2
2024-09-26 14:18:21,1
2024-09-26 14:34:14,1
2024-09-26 14:49:25,1
2024-09-26 15:02:24,1
2024-09-26 15:19:00,1
2024-09-26 15:34:51,1
2024-09-26 15:48:29,1
2024-09-26 16:03:56,1
2024-09-26 16:18:53,1
2024-09-26 16:34:00,1
2024-09-26 16:49:03,1
2024-09-26 17:01:56,2
2024-09-26 17:19:27,1
2024-09-26 17:32:16,1
2024-09-26 17:47:09,1
2024-09-26 18:02:42,1
2024-09-26 18:19:52,1
2024-09-26 18:32:04,1
2024-09-26 18:50:15,1
2024-09-26 19:04:45,1
2024-09-26 19:19:28,1
2024-09-26 19:30:47,2
2024-09-26 19:49:12,1
2024-09-26 20:04:49,1
2024-09-26 20:20:42,1
2024-09-26 20:31:09,1
2024-09-26 20:46:32,1
2024-09-26 21:02:19,1
2024-09-26 21:20:27,1
2024-09-26 21:33:18,1
2024-09-26 21:50:33,3
2024-09-26 22:02:08,1
2024-09-26 22:16:29,1
2024-09-26 22:32:24,1
2024-09-26 22:47:48,1
2024-09-26 23:01:38,1
2024-09-26 23:19:20,1
2024-09-26 23:32:22,4
2024-09-26 23:49:13,1
2024-09-27 00:01:47,1
2024-09-27 00:20:50,1
2024-09-27 00:33:04,2
2024-09-27 00:46:52,1
2024-09-27 01:02:49,1
2024-09-27 01:16:26,1
2024-09-27 01:31:34,1
2024-09-27 01:47:00,1
2024-09-27 02:02:47,1
2024-09-27 02:20:01,1
2024-09-27 02:32:35,1
2024-09-27 02:48:49,1
2024-09-27 03:02:04,1
2024-09-27 03:15:48,1
2024-09-27 03:34:13,1
2024-09-27 03:49:54,1
2024-09-27 04:04:53,1
2024-09-27 04:17:34,1
2024-09-27 04:33:01,1
2024-09-27 04:49:05,1
2024-09-27 05:02:20,1
2024-09-27 05:17:40,1
2024-09-27 05:32:02,1
2024-09-27 05:49:31,1
2024-09-27 06:04:55,1
2024-09-27 06:16:19,1
2024-09-27 06:34:23,1
2024-09-27 06:49:48,2
2024-09-27 07:04:49,1
2024-09-27 07:17:02,1
2024-09-27 07:32:41,1
2024-09-27 07:46:01,1
2024-09-27 08:02:03,1
2024-09-27 08:15:57,1
2024-09-27 08:33:56,1
2024-09-27 08:47:41,1
2024-09-27 09:01:10,1
2024-09-27 09:19:02,1
2024-09-27 09:35:12,1
2024-09-27 09:47:35,1
2024-09-27 10:03:39,1
2024-09-27 10:17:52,1
2024-09-27 10:34:32,1
2024-09-27 10:47:00,1
2024-09-27 11:03:26,1
2024-09-27 11:16:37,1
2024-09-27 11:35:23,1
2024-09-27 11:48:16,2
2024-09-27 12:02:46,1
2024-09-27 12:18:36,1
2024-09-27 12:32:40,1
2024-09-27 12:46:47,1
2024-09-27 13:02:38,1
2024-09-27 13:16:16,1
2024-09-27 13:32:47,1
2024-09-27 13:48:50,1
2024-09-27 14:04:42,2
2024-09-27 14:18:05,1
2024-09-27 14:34:54,1
2024-09-27 14:47:52,1
2024-09-27 15:02:56,1
2024-09-27 15:15:55,1
2024-09-27 15:34:52,1
2024-09-27 15:45:51,1
2024-09-27 16:01:46,2
2024-09-27 16:16:26,1
2024-09-27 16:31:30,1
2024-09-27 16:46:04,1
2024-09-27 17:04:30,1
2024-09-27 17:18:54,1
2024-09-27 17:34:48,1
2024-09-27 17:48:02,1
2024-09-27 18:01:48,1
2024-09-27 18:20:00,1
2024-09-27 18:31:35,1
2024-09-27 18:47:20,1
2024-09-27 19:03:13,1
2024-09-27 19:16:08,1
2024-09-27 19:34:51,1
2024-09-27 19:46:20,1
2024-09-27 20:04:51,1
2024-09-27 20:20:39,1
2024-09-27 20:33:48,1
2024-09-27 20:48:12,1
2024-09-27 21:02:15,2
2024-09-27 21:19:06,1
2024-09-27 21:33:48,1
2024-09-27 21:49:48,1
2024-09-27 22:02:09,2
2024-09-27 22:16:10,1
2024-09-27 22:35:44,1
2024-09-27 22:48:51,1
2024-09-27 23:05:08,1
2024-09-27 23:20:09,1
2024-09-27 23:34:02,1
2024-09-27 23:48:38,1
2024-09-28 00:02:27,1
2024-09-28 00:17:40,1
2024-09-28 00:33:37,1
2024-09-28 00:50:20,1
2024-09-28 01:07:08,1
2024-09-28 01:19:46,1
2024-09-28 01:31:26,1
2024-09-28 01:48:57,1
2024-09-28 02:01:50,1
2024-09-28 02:18:39,1
2024-09-28 02:32:53,1
2024-09-28 02:47:07,2
2024-09-28 03:03:08,1
2024-09-28 03:20:53,1
2024-09-28 03:33:58,1
2024-09-28 03:47:55,1
2024-09-28 04:05:56,1
2024-09-28 04:16:55,2
2024-09-28 04:33:02,1
2024-09-28 04:46:22,1
2024-09-28 05:00:53,2
2024-09-28 05:18:10,1
2024-09-28 05:33:33,1
2024-09-28 05:48:04,1
2024-09-28 06:02:22,1
2024-09-28 06:15:20,1
2024-09-28 06:32:01,1
2024-09-28 06:46:31,2
2024-09-28 07:04:34,1
2024-09-28 07:19:28,1
2024-09-28 07:35:16,1
2024-09-28 07:49:22,1
2024-09-28 08:03:40,1
2024-09-28 08:16:08,1
2024-09-28 08:35:06,1
2024-09-28 08:50:12,1
2024-09-28 09:05:18,1
2024-09-28 09:20:28,1
2024-09-28 09:34:11,1
2024-09-28 09:49:51,1
2024-09-28 10:05:19,1
2024-09-28 10:20:04,1
2024-09-28 10:34:09,1
2024-09-28 10:47:25,1
2024-09-28 11:03:34,1
2024-09-28 11:19:39,1
2024-09-28 11:32:18,1
2024-09-28 11:47:38,1
2024-09-28 12:04:35,1
2024-09-28 12:19:24,1
2024-09-28 12:31:49,1
2024-09-28 12:47:59,1
2024-09-28 13:04:55,2
2024-09-28 13:18:10,1
2024-09-28 13:31:37,1
2024-09-28 13:48:29,1
2024-09-28 14:04:58,1
2024-09-28 14:19:11,2
2024-09-28 14:35:08,1
2024-09-28 14:48:09,1
2024-09-28 15:00:37,1
2024-09-28 15:18:46,2
2024-09-28 15:35:00,1
2024-09-28 15:51:18,1
2024-09-28 16:05:19,1
2024-09-28 16:18:36,1
2024-09-28 16:34:43,1
2024-09-28 16:49:00,2
2024-09-28 17:05:00,1
2024-09-28 17:18:28,1
2024-09-28 17:32:52,1
2024-09-28 17:46:01,1
2024-09-28 18:01:07,1
2024-09-28 18:16:50,1
2024-09-28 18:30:56,1
2024-09-28 18:48:02,2
2024-09-28 19:05:07,1
2024-09-28 19:16:48,1
2024-09-28 19:30:41,1
2024-09-28 19:49:17,1
2024-09-28 20:02:40,1
2024-09-28 20:20:36,1
2024-09-28 20:32:55,1
2024-09-28 20:46:12,1
2024-09-28 21:01:51,1
2024-09-28 21:16:45,1
2024-09-28 21:33:54,2
2024-09-28 21:48:03,1
2024-09-28 22:01:40,1
2024-09-28 22:16:38,2
2024-09-28 22:32:30,2
2024-09-28 22:49:22,1
2024-09-28 23:05:00,1
2024-09-28 23:16:31,1
2024-09-28 23:30:59,1
2024-09-28 23:49:47,1
2024-09-29 00:01:49,1
2024-09-29 00:18:13,1
2024-09-29 00:34:27,1
2024-09-29 00:46:46,1
2024-09-29 01:05:17,1
2024-09-29 01:19:52,1
2024-09-29 01:33:33,1
2024-09-29 01:50:46,1
2024-09-29 02:05:32,1
2024-09-29 02:15:27,1
2024-09-29 02:30:28,1
2024-09-29 02:50:10,1
2024-09-29 03:05:22,1
2024-09-29 03:16:45,1
2024-09-29 03:33:33,1
2024-09-29 03:48:52,1
2024-09-29 04:01:33,1
2024-09-29 04:15:40,1
2024-09-29 04:31:36,1
2024-09-29 04:48:43,1
2024-09-29 05:02:19,1
2024-09-29 05:17:44,1
2024-09-29 05:35:59,1
2024-09-29 05:47:47,1
2024-09-29 06:01:44,1
2024-09-29 06:18:50,1
2024-09-29 06:31:13,1
2024-09-29 06:48:35,1
2024-09-29 07:05:04,1
2024-09-29 07:15:56,1
2024-09-29 07:34:42,1
2024-09-29 07:48:19,1
2024-09-29 08:04:10,1
2024-09-29 08:19:16,1
2024-09-29 08:31:10,1
2024-09-29 08:47:05,1
2024-09-29 09:05:08,1
2024-09-29 09:17:40,1
2024-09-29 09:33:32,2
2024-09-29 09:47:00,1
2024-09-29 10:04:53,1
2024-09-29 10:16:51,1
2024-09-29 10:31:34,1
2024-09-29 10:46:06,1
2024-09-29 11:05:02,1
2024-09-29 11:18:43,1
2024-09-29 11:31:20,1
2024-09-29 11:46:29,2
2024-09-29 12:01:34,1
2024-09-29 12:18:04,1
2024-09-29 12:31:51,1
2024-09-29 12:46:49,1
2024-09-29 13:02:00,1
2024-09-29 13:19:00,1
2024-09-29 13:31:04,1
2024-09-29 13:46:14,1
2024-09-29 14:01:38,1
2024-09-29 14:19:27,1
2024-09-29 14:30:53,1
2024-09-29 14:49:28,1
2024-09-29 15:02:52,1
2024-09-29 15:15:44,1
2024-09-29 15:33:00,2
2024-09-29 15:48:12,1
2024-09-29 16:01:09,1
2024-09-29 16:19:50,1
2024-09-29 16:33:47,1
2024-09-29 16:46:31,1
2024-09-29 17:02:17,1
2024-09-29 17:16:01,1
2024-09-29 17:33:21,1
2024-09-29 17:47:24,1
2024-09-29 18:03:37,1
2024-09-29 18:19:16,1
2024-09-29 18:34:54,1
2024-09-29 18:46:57,1
2024-09-29 19:03:57,1
2024-09-29 19:17:48,1
2024-09-29 19:32:41,1
2024-09-29 19:50:33,1
2024-09-29 20:02:59,1
2024-09-29 20:17:44,1
2024-09-29 20:34:41,1
2024-09-29 20:46:22,1
2024-09-29 21:03:52,1
2024-09-29 21:19:28,1
2024-09-29 21:34:40,2
2024-09-29 21:47:01,1
2024-09-29 22:02:31,1
2024-09-29 22:18:21,1
2024-09-29 22:32:51,1
2024-09-29 22:48:50,1
2024-09-29 23:05:19,1
2024-09-29 23:19:45,1
2024-09-29 23:35:05,1
2024-09-29 23:49:54,1
2024-09-30 00:03:02,1
2024-09-30 00:20:48,1
2024-09-30 00:35:06,1
2024-09-30 00:48:00,1
2024-09-30 01:04:18,1
2024-09-30 01:17:35,1
2024-09-30 01:34:46,1
2024-09-30 01:50:14,1
2024-09-30 02:02:21,1
2024-09-30 02:17:42,1
2024-09-30 02:33:18,1
2024-09-30 02:47:31,1
2024-09-30 03:04:16,1
2024-09-30 03:19:00,1
2024-09-30 03:33:35,1
2024-09-30 03:46:19,1
2024-09-30 04:02:15,1
2024-09-30 04:20:02,2
2024-09-30 04:32:06,1
2024-09-30 04:48:53,2
2024-09-30 05:02:36,1
2024-09-30 05:19:49,2
2024-09-30 05:34:53,1
2024-09-30 05:49:26,1
2024-09-30 06:05:07,1
2024-09-30 06:15:57,1
2024-09-30 06:32:44,1
2024-09-30 06:49:17,1
2024-09-30 07:01:49,1
2024-09-30 07:19:39,1
2024-09-30 07:34:25,1
2024-09-30 07:46:40,1
2024-09-30 08:05:32,1
2024-09-30 08:16:48,1
2024-09-30 08:31:38,1
2024-09-30 08:48:19,1
2024-09-30 09:01:01,1
2024-09-30 09:20:05,1
2024-09-30 09:35:26,1
2024-09-30 09:49:58,1
2024-09-30 10:01:56,1
2024-09-30 10:18:39,1
2024-09-30 10:33:43,1
2024-09-30 10:49:59,1
2024-09-30 11:01:13,1
2024-09-30 11:19:47,1
2024-09-30 11:35:33,1
2024-09-30 11:47:05,1
2024-09-30 12:02:12,1
2024-09-30 12:16:50,1
2024-09-30 12:35:23,1
2024-09-30 12:46:00,1
2024-09-30 13:03:42,1
2024-09-30 13:18:11,1
2024-09-30 13:32:34,1
2024-09-30 13:48:42,1
2024-09-30 14:02:22,1
2024-09-30 14:20:14,1
2024-09-30 14:32:25,1
2024-09-30 14:46:18,1
2024-09-30 15:00:59,1
2024-09-30 15:16:31,1
2024-09-30 15:31:02,1
2024-09-30 15:49:08,1
2024-09-30 16:01:26,1
2024-09-30 16:17:44,1
2024-09-30 16:35:40,1
2024-09-30 16:48:25,1
2024-09-30 17:03:43,1
2024-09-30 17:18:15,2
2024-09-30 17:34:52,1
2024-09-30 17:46:29,1
2024-09-30 18:03:09,1
2024-09-30 18:16:49,1
2024-09-30 18:32:31,1
2024-09-30 18:46:14,1
2024-09-30 19:05:38,1
2024-09-30 19:19:32,1
2024-09-30 19:35:01,1
2024-09-30 19:47:30,1
2024-09-30 20:04:10,1
2024-09-30 20:15:55,1
2024-09-30 20:31:16,1
2024-09-30 20:47:32,1
2024-09-30 21:06:21,1
2024-09-30 21:16:12,2
2024-09-30 21:31:57,1
2024-09-30 21:48:06,1
2024-09-30 22:03:11,1
2024-09-30 22:16:36,1
2024-09-30 22:32:10,1
2024-09-30 22:50:25,1
2024-09-30 23:00:50,1
2024-09-30 23:19:08,1
2024-09-30 23:31:03,1
2024-09-30 23:47:14,1
2024-10-01 00:01:39,1
2024-10-01 00:20:11,1
2024-10-01 00:34:37,1
2024-10-01 00:50:19,1
2024-10-01 01:02:10,1
2024-10-01 01:18:47,1
2024-10-01 01:33:26,1
2024-10-01 01:50:30,1
2024-10-01 02:01:18,1
2024-10-01 02:17:45,1
2024-10-01 02:35:10,1
2024-10-01 02:46:17,1
2024-10-01 03:02:09,1
2024-10-01 03:18:52,1
2024-10-01 03:32:42,1
2024-10-01 03:46:38,1
2024-10-01 04:02:36,1
2024-10-01 04:19:17,1
2024-10-01 04:33:04,1
2024-10-01 04:47:00,1
2024-10-01 05:03:42,1
2024-10-01 05:20:17,1
2024-10-01 05:34:31,1
2024-10-01 05:46:14,1
2024-10-01 06:02:57,1
2024-10-01 06:18:27,1
2024-10-01 06:31:58,1
2024-10-01 06:49:04,1
2024-10-01 07:03:14,1
2024-10-01 07:16:24,2
2024-10-01 07:33:11,1
2024-10-01 07:48:31,1
2024-10-01 08:00:36,1
2024-10-01 08:15:47,1
2024-10-01 08:33:52,2
2024-10-01 08:49:13,1
2024-10-01 09:01:22,1
2024-10-01 09:16:43,1
2024-10-01 09:35:00,2
2024-10-01 09:46:04,1
2024-10-01 10:01:44,1
2024-10-01 10:19:04,1
2024-10-01 10:34:20,1
2024-10-01 10:48:52,1
2024-10-01 11:01:55,1
2024-10-01 11:17:50,1
2024-10-01 11:31:13,1
2024-10-01 11:49:28,1
2024-10-01 12:02:45,1
2024-10-01 12:16:04,1
2024-10-01 12:31:50,1
2024-10-01 12:46:22,1
2024-10-01 13:04:58,1
2024-10-01 13:17:46,1
2024-10-01 13:31:49,1
2024-10-01 13:49:18,1
2024-10-01 14:02:07,1
2024-10-01 14:18:21,1
2024-10-01 14:31:37,1
2024-10-01 14:50:11,1
2024-10-01 15:03:06,1
2024-10-01 15:18:52,1
2024-10-01 15:33:59,1
2024-10-01 15:48:32,1
2024-10-01 16:03:10,1
2024-10-01 16:20:59,1
2024-10-01 16:34:01,1
2024-10-01 16:49:17,2
2024-10-01 17:01:33,1
2024-10-01 17:20:29,1
2024-10-01 17:34:53,1
2024-10-01 17:50:04,1
2024-10-01 18:02:28,1
2024-10-01 18:20:04,1
2024-10-01 18:31:19,1
2024-10-01 18:50:10,1
2024-10-01 19:01:27,1
2024-10-01 19:19:08,2
2024-10-01 19:35:10,1
2024-10-01 19:49:37,1
2024-10-01 20:02:19,1
2024-10-01 20:19:13,1
2024-10-01 20:32:22,1
2024-10-01 20:48:33,1
2024-10-01 21:01:37,1
2024-10-01 21:18:32,1
2024-10-01 21:31:29,1
2024-10-01 21:50:10,3
2024-10-01 22:01:02,1
2024-10-01 22:16:12,1
2024-10-01 22:33:22,1
2024-10-01 22:47:51,1
2024-10-01 23:04:26,1
2024-10-01 23:19:27,2
2024-10-01 23:34:40,1
2024-10-01 23:47:58,2
2024-10-02 00:02:37,1
2024-10-02 00:16:14,1
2024-10-02 00:31:32,1
2024-10-02 00:45:55,1
2024-10-02 01:04:13,1
2024-10-02 01:16:12,1
2024-10-02 01:31:20,1
2024-10-02 01:50:55,1
2024-10-02 02:01:29,1
2024-10-02 02:16:30,1
2024-10-02 02:35:01,1
2024-10-02 02:47:22,1
2024-10-02 03:01:39,1
2024-10-02 03:20:21,1
2024-10-02 03:34:55,1
2024-10-02 03:47:19,1
2024-10-02 04:04:58,1
2024-10-02 04:18:12,1
2024-10-02 04:31:07,1
2024-10-02 04:47:05,2
2024-10-02 05:00:44,1
2024-10-02 05:17:08,1
2024-10-02 05:31:36,1
2024-10-02 05:49:30,1
2024-10-02 06:05:16,1
2024-10-02 06:18:56,1
2024-10-02 06:31:54,1
2024-10-02 06:49:42,1
2024-10-02 07:04:17,1
2024-10-02 07:16:48,1
2024-10-02 07:31:54,2
2024-10-02 07:47:29,2
2024-10-02 08:02:07,1
2024-10-02 08:18:45,1
2024-10-02 08:33:51,2
2024-10-02 08:45:56,2
2024-10-02 09:03:56,1
2024-10-02 09:16:57,1
2024-10-02 09:34:35,1
2024-10-02 09:46:07,1
2024-10-02 10:04:57,1
2024-10-02 10:17:34,1
2024-10-02 10:32:30,1
2024-10-02 10:49:38,1
2024-10-02 11:01:17,1
2024-10-02 11:17:31,1
2024-10-02 11:31:08,1
2024-10-02 11:49:44,1
2024-10-02 12:04:54,1
2024-10-02 12:18:27,1
2024-10-02 12:31:58,1
2024-10-02 12:47:28,1
2024-10-02 13:02:15,1
2024-10-02 13:18:20,1
2024-10-02 13:32:54,1
2024-10-02 13:50:13,1
2024-10-02 14:01:11,1
2024-10-02 14:20:14,1
2024-10-02 14:31:38,1
2024-10-02 14:46:14,1
2024-10-02 15:05:20,1
2024-10-02 15:18:27,1
2024-10-02 15:31:45,1
2024-10-02 15:46:40,1
2024-10-02 16:03:37,2
2024-10-02 16:17:51,1
2024-10-02 16:34:17,1
2024-10-02 16:49:29,1
2024-10-02 17:01:45,1
2024-10-02 17:16:08,2
2024-10-02 17:32:15,1
2024-10-02 17:46:40,1
2024-10-02 18:02:07,1
2024-10-02 18:16:55,1
2024-10-02 18:31:10,1
2024-10-02 18:45:34,1
2024-10-02 19:01:22,1
2024-10-02 19:17:16,1
2024-10-02 19:31:02,1
2024-10-02 19:45:57,1
2024-10-02 20:00:57,1
2024-10-02 20:16:06,1
2024-10-02 20:32:30,1
2024-10-02 20:50:26,1
2024-10-02 21:02:29,1
2024-10-02 21:20:01,1
2024-10-02 21:34:27,1
2024-10-02 21:49:27,1
2024-10-02 22:01:39,1
2024-10-02 22:18:28,1
2024-10-02 22:32:43,1
2024-10-02 22:47:47,1
2024-10-02 23:04:10,1
2024-10-02 23:17:26,1
2024-10-02 23:33:53,1
2024-10-02 23:46:39,2
2024-10-03 00:04:03,1
2024-10-03 00:17:05,1
2024-10-03 00:32:28,1
2024-10-03 00:47:23,1
2024-10-03 01:01:12,1
2024-10-03 01:20:32,1
2024-10-03 01:34:40,1
2024-10-03 01:47:37,1
2024-10-03 02:02:28,1
2024-10-03 02:19:04,1
2024-10-03 02:34:05,1
2024-10-03 02:50:37,1
2024-10-03 03:05:22,1
2024-10-03 03:15:22,1
2024-10-03 03:35:12,1
2024-10-03 03:49:27,2
2024-10-03 04:05:06,1
2024-10-03 04:20:26,1
2024-10-03 04:31:24,1
2024-10-03 04:49:04,1
2024-10-03 05:04:29,1
2024-10-03 05:19:03,1
2024-10-03 05:34:15,1
2024-10-03 05:51:34,5
2024-10-03 06:04:52,1
2024-10-03 06:17:49,1
2024-10-03 06:32:30,1
2024-10-03 06:48:43,1
2024-10-03 07:00:42,1
2024-10-03 07:20:06,1
2024-10-03 07:33:08,1
2024-10-03 07:50:08,2
2024-10-03 08:04:08,1
2024-10-03 08:15:53,1
2024-10-03 08:33:06,1
2024-10-03 08:46:01,1
2024-10-03 09:02:40,1
2024-10-03 09:18:34,1
2024-10-03 09:34:18,1
2024-10-03 09:47:13,1
2024-10-03 10:03:57,1
2024-10-03 10:18:47,1
2024-10-03 10:31:01,2
2024-10-03 10:49:34,1
2024-10-03 11:02:23,1
2024-10-03 11:18:15,1
2024-10-03 11:34:39,1
2024-10-03 11:48:28,1
2024-10-03 12:03:23,1
2024-10-03 12:18:05,1
2024-10-03 12:32:50,1
2024-10-03 12:50:29,1
2024-10-03 13:03:30,1
2024-10-03 13:16:55,1
2024-10-03 13:33:56,1
2024-10-03 13:49:04,1
2024-10-03 14:05:08,1
2024-10-03 14:20:07,1
2024-10-03 14:33:52,1
2024-10-03 14:48:12,1
2024-10-03 15:03:19,1
2024-10-03 15:18:54,1
2024-10-03 15:34:36,1
2024-10-03 15:47:03,1
2024-10-03 16:02:00,1
2024-10-03 16:19:22,1
2024-10-03 16:32:06,1
2024-10-03 16:48:00,1
2024-10-03 17:02:43,2
2024-10-03 17:19:24,1
2024-10-03 17:30:24,1
2024-10-03 17:46:32,1
2024-10-03 18:03:53,1
2024-10-03 18:16:42,1
2024-10-03 18:35:16,1
2024-10-03 18:49:19,1
2024-10-03 19:04:15,2
2024-10-03 19:20:46,1
2024-10-03 19:31:26,1
2024-10-03 19:50:12,1
2024-10-03 20:03:43,1
2024-10-03 20:19:04,1
2024-10-03 20:35:00,1
2024-10-03 20:49:11,1
2024-10-03 21:03:02,1
2024-10-03 21:20:07,1
2024-10-03 21:32:59,1
2024-10-03 21:45:49,1
2024-10-03 22:02:15,1
2024-10-03 22:18:02,1
2024-10-03 22:33:43,1
2024-10-03 22:49:40,1
2024-10-03 23:02:27,1
2024-10-03 23:17:44,1
2024-10-03 23:31:38,1
2024-10-03 23:49:29,1
2024-10-04 00:01:55,1
2024-10-04 00:15:24,1
2024-10-04 00:33:50,1
2024-10-04 00:50:06,1
2024-10-04 01:01:23,1
2024-10-04 01:19:53,1
2024-10-04 01:32:42,1
2024-10-04 01:45:52,1
2024-10-04 02:05:10,1
2024-10-04 02:18:39,1
2024-10-04 02:30:50,1
2024-10-04 02:48:41,1
2024-10-04 03:03:34,1
2024-10-04 03:15:25,1
2024-10-04 03:32:01,1
2024-10-04 03:46:45,1
2024-10-04 04:02:48,1
2024-10-04 04:18:06,1
2024-10-04 04:30:58,1
2024-10-04 04:46:00,1
2024-10-04 05:01:17,1
2024-10-04 05:19:56,1
2024-10-04 05:34:35,1
2024-10-04 05:49:44,1
2024-10-04 06:01:23,1
2024-10-04 06:19:42,2
2024-10-04 06:31:12,1
2024-10-04 06:47:00,1
2024-10-04 07:01:43,1
2024-10-04 07:16:42,1
2024-10-04 07:33:22,1
2024-10-04 07:47:41,1
2024-10-04 08:02:54,1
2024-10-04 08:19:28,2
2024-10-04 08:32:38,1
2024-10-04 08:50:18,1
2024-10-04 09:01:44,1
2024-10-04 09:17:14,1
2024-10-04 09:31:38,1
2024-10-04 09:49:19,2
2024-10-04 10:03:59,1
2024-10-04 10:20:07,1
2024-10-04 10:33:17,1
2024-10-04 10:50:12,1
2024-10-04 11:02:45,1
2024-10-04 11:16:33,1
2024-10-04 11:31:04,1
2024-10-04 11:48:58,1
2024-10-04 12:05:16,1
2024-10-04 12:17:51,1
2024-10-04 12:34:10,1
2024-10-04 12:48:26,1
2024-10-04 13:03:08,1
2024-10-04 13:19:55,1
2024-10-04 13:30:33,1
2024-10-04 13:47:27,1
2024-10-04 14:02:03,1
2024-10-04 14:17:49,2
2024-10-04 14:32:58,2
2024-10-04 14:50:13,1
2024-10-04 15:00:46,1
2024-10-04 15:17:15,1
2024-10-04 15:32:39,1
2024-10-04 15:48:23,2
2024-10-04 16:02:41,1
2024-10-04 16:15:52,1
2024-10-04 16:30:29,1
2024-10-04 16:49:52,1
2024-10-04 17:02:31,1
2024-10-04 17:19:03,2
2024-10-04 17:30:40,1
2024-10-04 17:47:29,1
2024-10-04 18:02:41,1
2024-10-04 18:16:14,1
2024-10-04 18:34:38,1
2024-10-04 18:48:17,1
2024-10-04 19:05:08,1
2024-10-04 19:19:28,1
2024-10-04 19:31:21,1
2024-10-04 19:48:05,1
2024-10-04 20:00:45,1
2024-10-04 20:17:58,1
2024-10-04 20:33:00,1
2024-10-04 20:48:52,1
2024-10-04 21:05:08,1
2024-10-04 21:16:13,1
2024-10-04 21:32:14,1
2024-10-04 21:48:16,1
2024-10-04 22:05:42,1
2024-10-04 22:15:47,1
2024-10-04 22:35:18,1
2024-10-04 22:47:43,1
2024-10-04 23:00:49,1
2024-10-04 23:16:48,1
2024-10-04 23:35:48,1
2024-10-04 23:49:51,1
2024-10-05 00:02:58,2
2024-10-05 00:16:25,1
2024-10-05 00:34:04,1
2024-10-05 00:48:41,1
2024-10-05 01:02:34,1
2024-10-05 01:15:32,1
2024-10-05 01:34:57,2
2024-10-05 01:47:00,1
2024-10-05 02:02:32,1
2024-10-05 02:15:56,1
2024-10-05 02:33:28,1
2024-10-05 02:46:56,1
2024-10-05 03:04:48,1
2024-10-05 03:18:31,1
2024-10-05 03:31:25,1
2024-10-05 03:48:15,1
2024-10-05 04:00:49,1
2024-10-05 04:16:26,1
2024-10-05 04:35:10,1
2024-10-05 04:45:54,1
2024-10-05 05:03:07,1
2024-10-05 05:18:40,1
2024-10-05 05:32:22,1
2024-10-05 05:49:21,2
2024-10-05 06:05:45,1
2024-10-05 06:16:19,1
2024-10-05 06:31:04,1
2024-10-05 06:47:01,1
2024-10-05 07:04:17,1
2024-10-05 07:18:10,1
2024-10-05 07:32:32,1
2024-10-05 07:48:46,1
2024-10-05 08:03:12,1
2024-10-05 08:20:32,1
2024-10-05 08:30:27,1
2024-10-05 08:46:16,1
2024-10-05 09:03:49,1
2024-10-05 09:16:11,1
2024-10-05 09:31:38,1
2024-10-05 09:46:22,1
2024-10-05 10:04:10,1
2024-10-05 10:18:32,1
2024-10-05 10:31:26,1
2024-10-05 10:50:20,1
2024-10-05 11:03:11,1
2024-10-05 11:20:04,1
2024-10-05 11:31:12,1
2024-10-05 11:45:58,1
2024-10-05 12:01:29,1
2024-10-05 12:17:21,1
2024-10-05 12:32:14,1
2024-10-05 12:46:02,1
2024-10-05 13:02:17,1
2024-10-05 13:17:57,1
2024-10-05 13:33:47,1
2024-10-05 13:47:38,1
2024-10-05 14:01:22,1
2024-10-05 14:17:12,1
2024-10-05 14:35:00,1
2024-10-05 14:49:35,1
2024-10-05 15:02:46,1
2024-10-05 15:18:05,1
2024-10-05 15:33:20,1
2024-10-05 15:46:29,1
2024-10-05 16:03:53,1
2024-10-05 16:17:39,2
2024-10-05 16:34:37,1
2024-10-05 16:50:09,1
2024-10-05 17:01:32,1
2024-10-05 17:19:56,1
2024-10-05 17:30:57,1
2024-10-05 17:48:09,1
2024-10-05 18:02:08,1
2024-10-05 18:17:45,1
2024-10-05 18:34:18,1
2024-10-05 18:46:01,1
2024-10-05 19:03:34,1
2024-10-05 19:18:40,1
2024-10-05 19:34:00,1
2024-10-05 19:46:48,1
2024-10-05 20:03:11,1
2024-10-05 20:15:20,1
2024-10-05 20:34:25,1
2024-10-05 20:48:33,1
2024-10-05 21:04:52,1
2024-10-05 21:18:27,1
2024-10-05 21:31:49,1
2024-10-05 21:50:28,1
2024-10-05 22:01:31,1
2024-10-05 22:16:50,1
2024-10-05 22:33:50,1
2024-10-05 22:46:35,2
2024-10-05 23:00:28,1
2024-10-05 23:18:43,1
2024-10-05 23:34:56,1
2024-10-05 23:45:34,1
2024-10-06 00:04:57,1
2024-10-06 00:16:16,1
2024-10-06 00:31:36,1
2024-10-06 00:46:26,1
2024-10-06 01:03:46,1
2024-10-06 01:20:02,1
2024-10-06 01:35:58,1
2024-10-06 01:52:02,1
2024-10-06 02:00:44,1
2024-10-06 02:17:00,1
2024-10-06 02:31:48,1
2024-10-06 02:47:05,2
2024-10-06 03:03:49,1
2024-10-06 03:16:33,1
2024-10-06 03:36:05,1
2024-10-06 03:47:27,1
2024-10-06 04:02:33,1
2024-10-06 04:15:38,1
2024-10-06 04:31:47,1
2024-10-06 04:48:35,2
2024-10-06 05:00:38,1
2024-10-06 05:18:54,1
2024-10-06 05:32:29,1
2024-10-06 05:46:11,1
2024-10-06 06:01:27,1
2024-10-06 06:18:24,1
2024-10-06 06:31:21,1
2024-10-06 06:46:24,1
2024-10-06 07:04:10,1
2024-10-06 07:17:37,1
2024-10-06 07:32:19,1
2024-10-06 07:48:54,2
2024-10-06 08:00:31,1
2024-10-06 08:17:43,1
2024-10-06 08:33:39,1
2024-10-06 08:49:29,1
2024-10-06 09:02:24,1
2024-10-06 09:17:27,1
2024-10-06 09:36:01,1
2024-10-06 09:50:15,1
2024-10-06 10:01:59,1
2024-10-06 10:20:01,2
2024-10-06 10:35:15,1
2024-10-06 10:50:27,1
2024-10-06 11:04:06,1
2024-10-06 11:20:01,1
2024-10-06 11:30:33,1
2024-10-06 11:48:34,1
2024-10-06 12:03:49,2
2024-10-06 12:18:52,1
2024-10-06 12:32:39,1
2024-10-06 12:50:42,1
2024-10-06 13:05:17,1
2024-10-06 13:18:45,1
2024-10-06 13:34:09,1
2024-10-06 13:47:52,1
2024-10-06 14:03:11,1
2024-10-06 14:19:45,1
2024-10-06 14:34:51,2
2024-10-06 14:50:14,1
2024-10-06 15:01:25,1
2024-10-06 15:16:47,1
2024-10-06 15:34:24,1
2024-10-06 15:48:16,1
2024-10-06 16:02:52,1
2024-10-06 16:19:08,1
2024-10-06 16:30:40,1
2024-10-06 16:48:55,1
2024-10-06 17:02:27,1
2024-10-06 17:19:42,1
2024-10-06 17:34:07,2
2024-10-06 17:47:18,1
2024-10-06 18:01:34,1
2024-10-06 18:17:23,1
2024-10-06 18:30:32,1
2024-10-06 18:48:55,1
2024-10-06 19:02:32,1
2024-10-06 19:16:09,1
2024-10-06 19:35:57,1
2024-10-06 19:50:20,1
2024-10-06 20:05:00,1
2024-10-06 20:19:03,1
2024-10-06 20:34:22,1
2024-10-06 20:47:33,1
2024-10-06 21:01:46,1
2024-10-06 21:17:36,1
2024-10-06 21:33:13,1
2024-10-06 21:48:26,1
2024-10-06 22:01:33,2
2024-10-06 22:20:18,1
2024-10-06 22:32:45,1
2024-10-06 22:50:36,1
2024-10-06 23:05:33,1
2024-10-06 23:18:36,1
2024-10-06 23:30:43,1
2024-10-06 23:48:42,1
2024-10-07 00:04:08,1
2024-10-07 00:17:28,1
2024-10-07 00:31:28,1
2024-10-07 00:46:48,1
2024-10-07 01:01:17,1
2024-10-07 01:18:21,1
2024-10-07 01:31:56,1
2024-10-07 01:50:35,1
2024-10-07 02:02:52,1
2024-10-07 02:15:50,1
2024-10-07 02:34:30,1
2024-10-07 02:50:13,1
2024-10-07 03:03:35,1
2024-10-07 03:16:23,1
2024-10-07 03:32:52,1
2024-10-07 03:45:53,1
2024-10-07 04:04:17,1
2024-10-07 04:16:05,1
2024-10-07 04:33:32,1
2024-10-07 04:46:33,1
2024-10-07 05:06:00,1
2024-10-07 05:20:02,1
2024-10-07 05:31:34,1
2024-10-07 05:50:11,1
2024-10-07 06:01:56,1
2024-10-07 06:20:01,1
2024-10-07 06:31:51,1
2024-10-07 06:47:01,1
2024-10-07 07:06:04,1
2024-10-07 07:17:31,1
2024-10-07 07:33:19,2
2024-10-07 07:46:32,1
2024-10-07 08:05:14,1
2024-10-07 08:17:37,1
2024-10-07 08:34:38,1
2024-10-07 08:45:44,1
2024-10-07 09:03:39,1
2024-10-07 09:18:38,1
2024-10-07 09:31:50,1
2024-10-07 09:49:02,1
2024-10-07 10:04:46,1
2024-10-07 10:19:40,1
2024-10-07 10:34:44,1
2024-10-07 10:48:44,1
2024-10-07 11:05:29,2
2024-10-07 11:18:46,1
2024-10-07 11:33:57,1
2024-10-07 11:48:00,1
2024-10-07 12:04:41,2
2024-10-07 12:19:43,1
2024-10-07 12:32:14,1
2024-10-07 12:47:38,1
2024-10-07 13:05:15,1
2024-10-07 13:15:44,1
2024-10-07 13:33:50,1
2024-10-07 13:48:30,1
2024-10-07 14:05:01,1
2024-10-07 14:19:46,1
2024-10-07 14:33:33,1
2024-10-07 14:46:51,1
2024-10-07 15:04:04,1
2024-10-07 15:19:35,1
2024-10-07 15:31:49,1
2024-10-07 15:49:06,1
2024-10-07 16:01:27,1
2024-10-07 16:18:52,1
2024-10-07 16:32:16,1
2024-10-07 16:50:05,1
2024-10-07 17:04:41,1
2024-10-07 17:15:32,1
2024-10-07 17:31:41,2
2024-10-07 17:46:04,1
2024-10-07 18:04:38,1
2024-10-07 18:20:05,1
2024-10-07 18:30:36,1
2024-10-07 18:49:08,1
2024-10-07 19:02:51,1
2024-10-07 19:20:08,1
2024-10-07 19:35:54,1
2024-10-07 19:48:47,1
2024-10-07 20:05:35,1
2024-10-07 20:17:10,1
2024-10-07 20:32:57,1
2024-10-07 20:50:19,1
2024-10-07 21:05:58,1
2024-10-07 21:19:33,1
2024-10-07 21:34:09,1
2024-10-07 21:46:11,2
2024-10-07 22:02:30,1
2024-10-07 22:19:28,1
2024-10-07 22:31:04,1
2024-10-07 22:47:10,1
2024-10-07 23:02:12,1
2024-10-07 23:17:51,1
2024-10-07 23:34:58,1
2024-10-07 23:46:07,1
2024-10-08 00:05:17,1
2024-10-08 00:15:53,1
2024-10-08 00:32:42,1
2024-10-08 00:48:35,1
2024-10-08 01:01:26,1
2024-10-08 01:18:34,1
2024-10-08 01:35:45,1
2024-10-08 01:46:27,1
2024-10-08 02:00:35,1
2024-10-08 02:18:39,1
2024-10-08 02:33:10,1
2024-10-08 02:48:23,1
2024-10-08 03:02:11,1
2024-10-08 03:17:18,1
2024-10-08 03:34:06,1
2024-10-08 03:47:28,1
2024-10-08 04:03:10,1
2024-10-08 04:19:09,1
2024-10-08 04:33:46,1
2024-10-08 04:50:14,1
2024-10-08 05:02:03,1
2024-10-08 05:16:20,1
2024-10-08 05:32:43,1
2024-10-08 05:45:36,1
2024-10-08 06:00:51,1
2024-10-08 06:18:53,1
2024-10-08 06:30:47,1
2024-10-08 06:47:18,1
2024-10-08 07:05:16,1
2024-10-08 07:18:46,1
2024-10-08 07:33:57,1
2024-10-08 07:49:01,1
2024-10-08 08:02:31,1
2024-10-08 08:17:03,1
2024-10-08 08:30:35,1
2024-10-08 08:49:00,1
2024-10-08 09:01:48,1
2024-10-08 09:20:26,1
2024-10-08 09:33:41,1
2024-10-08 09:46:43,1
2024-10-08 10:05:23,1
2024-10-08 10:19:45,1
2024-10-08 10:32:09,1
2024-10-08 10:46:03,1
2024-10-08 11:04:58,1
2024-10-08 11:16:57,1
2024-10-08 11:32:39,1
2024-10-08 11:50:49,1
2024-10-08 12:04:44,1
2024-10-08 12:18:09,1
2024-10-08 12:33:06,1
2024-10-08 12:50:10,1
2024-10-08 13:02:53,1
2024-10-08 13:18:57,1
2024-10-08 13:34:08,1
2024-10-08 13:47:42,1
2024-10-08 14:05:10,1
2024-10-08 14:20:13,1
2024-10-08 14:33:54,1
2024-10-08 14:49:04,1
2024-10-08 15:01:02,1
2024-10-08 15:17:51,1
2024-10-08 15:31:27,1
2024-10-08 15:48:05,1
2024-10-08 16:02:51,1
2024-10-08 16:17:54,1
2024-10-08 16:32:21,1
2024-10-08 16:47:27,1
2024-10-08 17:00:59,1
2024-10-08 17:19:41,1
2024-10-08 17:32:39,2
2024-10-08 17:48:20,1
2024-10-08 18:03:02,1
2024-10-08 18:20:19,1
2024-10-08 18:30:43,1
2024-10-08 18:46:32,1
2024-10-08 19:02:34,1
2024-10-08 19:19:57,1
2024-10-08 19:31:29,1
2024-10-08 19:48:12,1
2024-10-08 20:04:19,1
2024-10-08 20:16:00,1
2024-10-08 20:31:12,1
2024-10-08 20:47:21,1
2024-10-08 21:02:54,1
2024-10-08 21:18:51,1
2024-10-08 21:33:35,1
2024-10-08 21:46:19,1
2024-10-08 22:02:51,1
2024-10-08 22:18:17,1
2024-10-08 22:31:04,1
2024-10-08 22:46:43,1
2024-10-08 23:00:47,1
2024-10-08 23:19:11,1
2024-10-08 23:32:28,1
2024-10-08 23:47:59,1
2024-10-09 00:02:42,1
2024-10-09 00:17:32,2
2024-10-09 00:31:56,1
2024-10-09 00:48:35,1
2024-10-09 01:02:32,1
2024-10-09 01:16:48,1
2024-10-09 01:32:44,1
2024-10-09 01:49:50,1
2024-10-09 02:04:43,1
2024-10-09 02:16:48,1
2024-10-09 02:33:03,1
2024-10-09 02:46:47,1
2024-10-09 03:05:19,1
2024-10-09 03:19:10,1
2024-10-09 03:35:04,1
2024-10-09 03:47:58,1
2024-10-09 04:01:08,1
2024-10-09 04:20:21,2
2024-10-09 04:34:24,1
2024-10-09 04:49:58,1
2024-10-09 05:04:36,1
2024-10-09 05:20:27,1
2024-10-09 05:32:02,1
2024-10-09 05:46:46,1
2024-10-09 06:04:18,1
2024-10-09 06:19:15,1
2024-10-09 06:32:35,1
2024-10-09 06:46:23,1
2024-10-09 07:01:24,1
2024-10-09 07:18:56,1
2024-10-09 07:34:49,1
2024-10-09 07:49:37,1
2024-10-09 08:02:50,1
2024-10-09 08:18:41,1
2024-10-09 08:33:31,1
2024-10-09 08:49:49,1
2024-10-09 09:00:31,1
2024-10-09 09:18:28,1
2024-10-09 09:32:03,1
2024-10-09 09:49:59,1
2024-10-09 10:04:22,1
2024-10-09 10:20:19,1
2024-10-09 10:32:34,1
2024-10-09 10:46:23,1
2024-10-09 11:00:56,1
2024-10-09 11:17:59,1
2024-10-09 11:33:17,1
2024-10-09 11:50:44,1
2024-10-09 12:01:45,1
2024-10-09 12:16:28,2
2024-10-09 12:33:47,1
2024-10-09 12:48:48,1
2024-10-09 13:01:40,1
2024-10-09 13:20:07,1
2024-10-09 13:34:20,1
2024-10-09 13:50:31,1
2024-10-09 14:02:41,1
2024-10-09 14:18:53,1
2024-10-09 14:31:05,1
2024-10-09 14:49:11,1
2024-10-09 15:06:02,1
2024-10-09 15:16:45,1
2024-10-09 15:33:16,1
2024-10-09 15:46:38,1
2024-10-09 16:02:17,1
2024-10-09 16:18:31,1
2024-10-09 16:34:31,1
2024-10-09 16:50:20,1
2024-10-09 17:03:37,1
2024-10-09 17:20:22,1
2024-10-09 17:34:20,1
2024-10-09 17:49:49,1
2024-10-09 18:03:48,1
2024-10-09 18:19:44,1
2024-10-09 18:30:55,1
2024-10-09 18:47:28,1
2024-10-09 19:02:52,1
2024-10-09 19:17:50,1
2024-10-09 19:31:56,1
2024-10-09 19:46:08,1
2024-10-09 20:00:33,1
2024-10-09 20:16:34,1
2024-10-09 20:31:24,1
2024-10-09 20:46:04,1
2024-10-09 21:05:21,1
2024-10-09 21:19:19,1
2024-10-09 21:34:55,1
2024-10-09 21:45:32,1
2024-10-09 22:02:28,1
2024-10-09 22:19:10,1
2024-10-09 22:32:30,1
2024-10-09 22:46:07,1
2024-10-09 23:02:46,1
2024-10-09 23:16:32,1
2024-10-09 23:34:07,1
2024-10-09 23:48:37,1
2024-10-10 00:01:32,1
2024-10-10 00:17:48,1
2024-10-10 00:34:42,1
2024-10-10 00:45:33,1
2024-10-10 01:05:15,1
2024-10-10 01:17:49,1
2024-10-10 01:33:55,1
2024-10-10 01:47:38,1
2024-10-10 02:02:53,2
2024-10-10 02:19:44,1
2024-10-10 02:34:31,1
2024-10-10 02:45:54,1
2024-10-10 03:04:17,1
2024-10-10 03:20:15,1
2024-10-10 03:32:07,1
2024-10-10 03:45:48,1
2024-10-10 04:03:45,1
2024-10-10 04:19:05,1
2024-10-10 04:35:00,1
2024-10-10 04:49:54,1
2024-10-10 05:05:04,1
2024-10-10 05:21:01,1
2024-10-10 05:32:57,1
2024-10-10 05:50:22,1
2024-10-10 06:02:49,1
2024-10-10 06:18:15,1
2024-10-10 06:31:22,1
2024-10-10 06:46:03,1
2024-10-10 07:02:36,1
2024-10-10 07:19:10,1
2024-10-10 07:33:02,1
2024-10-10 07:50:09,1
2024-10-10 08:05:07,2
2024-10-10 08:16:22,1
2024-10-10 08:30:38,1
2024-10-10 08:46:38,1
2024-10-10 09:01:28,1
2024-10-10 09:18:01,1
2024-10-10 09:32:08,1
2024-10-10 09:48:16,1
2024-10-10 10:04:25,1
2024-10-10 10:17:28,1
2024-10-10 10:31:13,1
2024-10-10 10:47:01,1
2024-10-10 11:02:54,1
2024-10-10 11:18:17,1
2024-10-10 11:30:47,1
2024-10-10 11:47:36,1
2024-10-10 12:02:32,1
2024-10-10 12:18:38,1
2024-10-10 12:32:06,1
2024-10-10 12:46:15,1
2024-10-10 13:01:19,1
2024-10-10 13:20:22,1
2024-10-10 13:32:37,1
2024-10-10 13:45:45,1
2024-10-10 14:04:09,1
2024-10-10 14:19:42,1
2024-10-10 14:34:38,1
2024-10-10 14:47:12,1
2024-10-10 15:03:40,1
2024-10-10 15:21:07,1
2024-10-10 15:34:36,1
2024-10-10 15:49:48,1
2024-10-10 16:01:08,1
2024-10-10 16:18:05,1
2024-10-10 16:31:58,1
2024-10-10 16:46:07,1
2024-10-10 17:02:40,1
2024-10-10 17:17:22,1
2024-10-10 17:34:38,1
2024-10-10 17:47:56,1
2024-10-10 18:00:47,1
2024-10-10 18:18:28,1
2024-10-10 18:35:01,1
2024-10-10 18:48:29,1
2024-10-10 19:02:27,1
2024-10-10 19:20:31,1
2024-10-10 19:32:08,1
2024-10-10 19:46:55,1
2024-10-10 20:04:59,1
2024-10-10 20:20:04,1
2024-10-10 20:33:58,1
2024-10-10 20:46:34,1
2024-10-10 21:05:25,1
2024-10-10 21:19:51,1
2024-10-10 21:33:10,1
2024-10-10 21:49:27,1
2024-10-10 22:02:29,2
2024-10-10 22:18:39,1
2024-10-10 22:35:26,1
2024-10-10 22:47:38,1
2024-10-10 23:02:00,2
2024-10-10 23:17:43,1
2024-10-10 23:32:32,1
2024-10-10 23:46:09,1
2024-10-11 00:03:46,1
2024-10-11 00:20:31,1
2024-10-11 00:31:21,1
2024-10-11 00:46:18,1
2024-10-11 01:04:30,1
2024-10-11 01:17:32,1
2024-10-11 01:33:05,1
2024-10-11 01:48:22,1
2024-10-11 02:03:39,1
2024-10-11 02:18:07,1
2024-10-11 02:35:03,1
2024-10-11 02:47:41,1
2024-10-11 03:03:03,1
2024-10-11 03:20:08,1
2024-10-11 03:35:40,1
2024-10-11 03:48:03,1
2024-10-11 04:02:38,1
2024-10-11 04:19:53,1
2024-10-11 04:33:03,1
2024-10-11 04:49:48,1
2024-10-11 05:02:03,1
2024-10-11 05:17:40,1
2024-10-11 05:34:50,1
2024-10-11 05:48:33,1
2024-10-11 06:04:22,1
2024-10-11 06:16:14,2
2024-10-11 06:33:27,1
2024-10-11 06:47:29,1
2024-10-11 07:04:10,1
2024-10-11 07:19:31,1
2024-10-11 07:35:15,1
2024-10-11 07:49:21,1
2024-10-11 08:04:15,1
2024-10-11 08:18:08,1
2024-10-11 08:32:28,1
2024-10-11 08:47:16,1
2024-10-11 09:01:35,1
2024-10-11 09:15:38,1
2024-10-11 09:34:09,1
2024-10-11 09:49:02,1
2024-10-11 10:02:34,1
2024-10-11 10:16:49,1
2024-10-11 10:30:57,1
2024-10-11 10:50:03,1
2024-10-11 11:03:40,1
2024-10-11 11:19:26,1
2024-10-11 11:34:18,1
2024-10-11 11:46:50,1
2024-10-11 12:00:54,2
2024-10-11 12:16:05,1
2024-10-11 12:33:51,1
2024-10-11 12:45:56,1
2024-10-11 13:03:25,1
2024-10-11 13:19:31,1
2024-10-11 13:34:00,1
2024-10-11 13:47:21,1
2024-10-11 14:01:39,1
2024-10-11 14:19:13,1
2024-10-11 14:33:16,1
2024-10-11 14:47:52,1
2024-10-11 15:05:09,1
2024-10-11 15:19:55,1
2024-10-11 15:33:54,1
2024-10-11 15:47:31,1
2024-10-11 16:01:28,1
2024-10-11 16:17:10,1
2024-10-11 16:31:58,1
2024-10-11 16:48:11,1
2024-10-11 17:01:41,1
2024-10-11 17:19:49,1
2024-10-11 17:31:53,1
2024-10-11 17:47:49,1
2024-10-11 18:05:33,1
2024-10-11 18:18:29,1
2024-10-11 18:32:08,1
2024-10-11 18:49:19,1
2024-10-11 19:01:42,1
2024-10-11 19:17:50,1
2024-10-11 19:31:13,1
2024-10-11 19:46:11,1
2024-10-11 20:04:25,1
2024-10-11 20:16:54,1
2024-10-11 20:33:22,2
2024-10-11 20:48:35,1
2024-10-11 21:03:44,1
2024-10-11 21:16:32,1
2024-10-11 21:34:46,1
2024-10-11 21:47:51,1
2024-10-11 22:03:08,1
2024-10-11 22:19:20,1
2024-10-11 22:34:40,1
2024-10-11 22:49:14,2
2024-10-11 23:03:39,1
2024-10-11 23:16:39,1
2024-10-11 23:31:13,1
2024-10-11 23:48:57,1
2024-10-12 00:02:30,1
2024-10-12 00:19:17,1
2024-10-12 00:32:04,1
2024-10-12 00:46:28,1
2024-10-12 01:01:11,1
2024-10-12 01:19:58,1
2024-10-12 01:36:32,1
2024-10-12 01:49:16,1
2024-10-12 02:04:33,2
2024-10-12 02:16:49,1
2024-10-12 02:34:51,1
2024-10-12 02:50:44,1
2024-10-12 03:04:20,1
2024-10-12 03:16:25,1
2024-10-12 03:35:01,1
2024-10-12 03:48:40,1
2024-10-12 04:03:00,1
2024-10-12 04:20:13,1
2024-10-12 04:32:22,1
2024-10-12 04:49:50,1
2024-10-12 05:00:39,1
2024-10-12 05:18:38,1
2024-10-12 05:33:12,1
2024-10-12 05:48:48,1
2024-10-12 06:04:53,1
2024-10-12 06:19:16,1
2024-10-12 06:31:47,1
2024-10-12 06:47:26,1
2024-10-12 07:03:46,1
2024-10-12 07:16:17,1
2024-10-12 07:33:00,1
2024-10-12 07:49:45,1
2024-10-12 08:03:51,1
2024-10-12 08:20:00,1
2024-10-12 08:33:55,1
2024-10-12 08:47:06,1
2024-10-12 09:01:35,2
2024-10-12 09:15:52,1
2024-10-12 09:31:29,1
2024-10-12 09:49:52,1
2024-10-12 10:05:14,1
2024-10-12 10:16:37,1
2024-10-12 10:34:57,1
2024-10-12 10:50:43,1
2024-10-12 11:03:47,1
2024-10-12 11:16:03,1
2024-10-12 11:34:22,1
2024-10-12 11:48:49,1
2024-10-12 12:01:05,2
2024-10-12 12:16:26,1
2024-10-12 12:30:56,1
2024-10-12 12:48:53,1
2024-10-12 13:05:35,1
2024-10-12 13:19:16,1
2024-10-12 13:31:05,1
2024-10-12 13:48:21,1
2024-10-12 14:05:12,1
2024-10-12 14:19:24,1
2024-10-12 14:35:53,1
2024-10-12 14:49:01,1
2024-10-12 15:04:53,1
2024-10-12 15:15:49,1
2024-10-12 15:34:05,1
2024-10-12 15:47:26,1
2024-10-12 16:03:50,1
2024-10-12 16:18:18,1
2024-10-12 16:34:52,1
2024-10-12 16:47:26,1
2024-10-12 17:04:34,1
2024-10-12 17:20:20,1
2024-10-12 17:33:38,1
2024-10-12 17:49:58,1
2024-10-12 18:01:39,1
2024-10-12 18:19:31,1
2024-10-12 18:32:44,1
2024-10-12 18:46:31,1
2024-10-12 19:02:44,1
2024-10-12 19:18:48,1
2024-10-12 19:34:13,1
2024-10-12 19:47:06,1
2024-10-12 20:00:39,1
2024-10-12 20:19:55,1
2024-10-12 20:34:42,1
2024-10-12 20:46:41,1
2024-10-12 21:05:07,2
2024-10-12 21:19:19,1
2024-10-12 21:34:57,1
2024-10-12 21:48:54,2
2024-10-12 22:02:29,1
2024-10-12 22:17:12,1
2024-10-12 22:33:02,1
2024-10-12 22:49:01,2
2024-10-12 23:04:46,1
2024-10-12 23:16:15,1
2024-10-12 23:33:11,1
2024-10-12 23:46:52,1
2024-10-13 00:02:06,1
2024-10-13 00:16:54,1
2024-10-13 00:32:12,1
2024-10-13 00:49:05,1
2024-10-13 01:04:09,1
2024-10-13 01:18:40,1
2024-10-13 01:34:16,1
2024-10-13 01:47:28,1
2024-10-13 02:02:39,1
2024-10-13 02:17:26,1
2024-10-13 02:33:24,1
2024-10-13 02:48:35,1
2024-10-13 03:02:23,1
2024-10-13 03:19:16,1
2024-10-13 03:35:31,1
2024-10-13 03:49:36,1
2024-10-13 04:02:21,1
2024-10-13 04:16:02,1
2024-10-13 04:32:01,2
2024-10-13 04:46:44,1
2024-10-13 05:03:16,1
2024-10-13 05:18:37,2
2024-10-13 05:31:01,2
2024-10-13 05:47:04,2
2024-10-13 06:04:25,1
2024-10-13 06:19:24,1
2024-10-13 06:35:47,1
2024-10-13 06:46:13,1
2024-10-13 07:02:16,1
2024-10-13 07:17:26,1
2024-10-13 07:33:28,1
2024-10-13 07:47:26,1
2024-10-13 08:03:17,1
2024-10-13 08:19:03,1
2024-10-13 08:34:48,1
2024-10-13 08:48:45,1
2024-10-13 09:04:23,1
2024-10-13 09:19:30,1
2024-10-13 09:33:01,2
2024-10-13 09:48:25,1
2024-10-13 10:05:25,1
2024-10-13 10:18:37,1
2024-10-13 10:33:06,1
2024-10-13 10:46:27,1
2024-10-13 11:03:55,1
2024-10-13 11:18:44,1
2024-10-13 11:34:01,1
2024-10-13 11:45:52,1
2024-10-13 12:04:46,1
2024-10-13 12:19:55,1
2024-10-13 12:32:43,1
2024-10-13 12:47:47,1
2024-10-13 13:03:51,1
2024-10-13 13:18:09,1
2024-10-13 13:34:08,1
2024-10-13 13:47:52,1
2024-10-13 14:03:20,1
2024-10-13 14:20:20,1
2024-10-13 14:32:19,1
2024-10-13 14:49:02,1
2024-10-13 15:02:25,1
2024-10-13 15:16:38,1
2024-10-13 15:34:21,1
2024-10-13 15:46:57,1
2024-10-13 16:03:32,1
2024-10-13 16:16:08,1
2024-10-13 16:31:01,1
2024-10-13 16:47:46,1
2024-10-13 17:02:07,1
2024-10-13 17:18:04,1
2024-10-13 17:31:37,1
2024-10-13 17:48:48,1
2024-10-13 18:03:24,1
2024-10-13 18:19:46,1
2024-10-13 18:32:42,1
2024-10-13 18:46:02,1
2024-10-13 19:03:15,1
2024-10-13 19:16:02,1
2024-10-13 19:34:42,1
2024-10-13 19:45:58,1
2024-10-13 20:02:14,1
2024-10-13 20:15:21,1
2024-10-13 20:34:14,1
2024-10-13 20:48:11,1
2024-10-13 21:05:05,1
2024-10-13 21:15:18,1
2024-10-13 21:34:43,1
2024-10-13 21:48:54,2
2024-10-13 22:03:54,1
2024-10-13 22:19:02,1
2024-10-13 22:31:09,1
2024-10-13 22:49:26,1
2024-10-13 23:04:42,1
2024-10-13 23:18:11,1
2024-10-13 23:34:03,1
2024-10-13 23:48:08,1
2024-10-14 00:04:01,1
2024-10-14 00:17:52,1
2024-10-14 00:30:32,1
2024-10-14 00:49:44,1
2024-10-14 01:05:21,1
2024-10-14 01:17:08,1
2024-10-14 01:34:42,1
2024-10-14 01:48:14,1
2024-10-14 02:04:18,1
2024-10-14 02:17:07,1
2024-10-14 02:34:03,1
2024-10-14 02:47:29,1
2024-10-14 03:03:14,1
2024-10-14 03:19:35,1
2024-10-14 03:31:46,1
2024-10-14 03:46:57,1
2024-10-14 04:04:12,1
2024-10-14 04:18:31,1
2024-10-14 04:31:21,1
2024-10-14 04:46:46,1
2024-10-14 05:05:12,1
2024-10-14 05:16:27,1
2024-10-14 05:31:20,1
2024-10-14 05:49:36,1
2024-10-14 06:05:10,1
2024-10-14 06:17:11,1
2024-10-14 06:33:51,1
2024-10-14 06:46:50,1
2024-10-14 07:04:46,1
2024-10-14 07:19:24,1
2024-10-14 07:33:37,1
2024-10-14 07:45:22,1
2024-10-14 08:03:16,1
2024-10-14 08:16:46,1
2024-10-14 08:33:31,1
2024-10-14 08:45:50,1
2024-10-14 09:03:46,1
2024-10-14 09:18:30,1
2024-10-14 09:31:42,1
2024-10-14 09:49:56,1
2024-10-14 10:01:22,1
2024-10-14 10:17:39,1
2024-10-14 10:35:07,1
2024-10-14 10:46:44,1
2024-10-14 11:03:00,2
2024-10-14 11:16:12,1
2024-10-14 11:35:38,1
2024-10-14 11:48:45,1
2024-10-14 12:03:26,1
2024-10-14 12:20:03,1
2024-10-14 12:32:58,1
2024-10-14 12:48:19,1
2024-10-14 13:00:51,2
2024-10-14 13:19:09,1
2024-10-14 13:34:37,1
2024-10-14 13:49:51,1
2024-10-14 14:01:15,1
2024-10-14 14:16:05,1
2024-10-14 14:31:42,1
2024-10-14 14:45:28,1
2024-10-14 15:05:30,1
2024-10-14 15:16:49,1
2024-10-14 15:34:14,1
2024-10-14 15:48:03,1
2024-10-14 16:03:30,1
2024-10-14 16:17:14,1
2024-10-14 16:31:56,1
2024-10-14 16:47:59,1
2024-10-14 17:00:43,1
2024-10-14 17:16:01,1
2024-10-14 17:35:15,1
2024-10-14 17:49:23,1
2024-10-14 18:02:48,1
2024-10-14 18:18:45,1
2024-10-14 18:34:36,1
2024-10-14 18:47:36,2
2024-10-14 19:02:23,1
2024-10-14 19:19:30,1
2024-10-14 19:33:48,1
2024-10-14 19:45:53,1
2024-10-14 20:05:56,1
2024-10-14 20:20:13,1
2024-10-14 20:35:47,1
2024-10-14 20:48:18,1
2024-10-14 21:03:31,2
2024-10-14 21:16:35,1
2024-10-14 21:34:02,1
2024-10-14 21:47:25,1
2024-10-14 22:05:05,1
2024-10-14 22:18:57,1
2024-10-14 22:33:45,1
2024-10-14 22:47:19,1
2024-10-14 23:04:11,1
2024-10-14 23:17:38,1
2024-10-14 23:35:14,1
2024-10-14 23:47:06,1
2024-10-15 00:05:10,1
2024-10-15 00:19:41,1
2024-10-15 00:32:26,1
2024-10-15 00:49:46,1
2024-10-15 01:03:13,1
2024-10-15 01:19:13,1
2024-10-15 01:32:43,1
2024-10-15 01:47:44,1
2024-10-15 02:02:58,1
2024-10-15 02:17:20,1
2024-10-15 02:32:32,1
2024-10-15 02:46:50,1
2024-10-15 03:03:15,1
2024-10-15 03:17:31,1
2024-10-15 03:31:30,1
2024-10-15 03:49:17,1
2024-10-15 04:00:53,1
2024-10-15 04:18:41,1
2024-10-15 04:32:36,1
2024-10-15 04:46:23,1
2024-10-15 05:06:10,1
2024-10-15 05:18:54,1
2024-10-15 05:33:47,1
2024-10-15 05:46:28,1
2024-10-15 06:04:50,1
2024-10-15 06:20:27,1
2024-10-15 06:34:52,1
2024-10-15 06:49:10,1
2024-10-15 07:02:04,1
2024-10-15 07:16:25,1
2024-10-15 07:30:26,1
2024-10-15 07:45:50,1
2024-10-15 08:04:07,1
2024-10-15 08:15:53,1
2024-10-15 08:30:41,1
2024-10-15 08:46:00,1
2024-10-15 09:02:39,1
2024-10-15 09:19:47,1
2024-10-15 09:31:24,1
2024-10-15 09:46:33,1
2024-10-15 10:04:08,1
2024-10-15 10:17:17,2
2024-10-15 10:33:50,1
2024-10-15 10:50:48,1
2024-10-15 11:05:43,1
2024-10-15 11:18:56,1
2024-10-15 11:31:26,1
2024-10-15 11:47:35,1
2024-10-15 12:03:06,1
2024-10-15 12:19:02,1
2024-10-15 12:33:47,1
2024-10-15 12:45:28,1
2024-10-15 13:00:25,1
2024-10-15 13:17:36,1
2024-10-15 13:34:21,1
2024-10-15 13:49:32,1
2024-10-15 14:02:07,1
2024-10-15 14:17:12,1
2024-10-15 14:35:33,1
2024-10-15 14:48:42,1
2024-10-15 15:03:25,1
2024-10-15 15:18:58,1
2024-10-15 15:35:27,1
2024-10-15 15:46:33,1
2024-10-15 16:03:34,1
2024-10-15 16:15:50,1
2024-10-15 16:33:31,1
2024-10-15 16:46:41,1
2024-10-15 17:02:51,1
2024-10-15 17:20:52,1
2024-10-15 17:33:22,1
2024-10-15 17:50:03,1
2024-10-15 18:04:32,1
2024-10-15 18:16:50,2
2024-10-15 18:33:50,1
2024-10-15 18:49:55,1
2024-10-15 19:02:18,1
2024-10-15 19:17:54,1
2024-10-15 19:30:40,1
2024-10-15 19:49:16,1
2024-10-15 20:03:05,1
2024-10-15 20:17:18,1
2024-10-15 20:34:44,1
2024-10-15 20:47:49,1
2024-10-15 21:05:05,1
2024-10-15 21:19:48,1
2024-10-15 21:33:59,1
2024-10-15 21:48:01,1
2024-10-15 22:05:37,1
2024-10-15 22:20:18,1
2024-10-15 22:30:29,1
2024-10-15 22:47:27,1
2024-10-15 23:01:45,1
2024-10-15 23:18:17,2
2024-10-15 23:34:31,1
2024-10-15 23:46:59,1
2024-10-16 00:02:25,1
2024-10-16 00:17:01,1
2024-10-16 00:33:38,1
2024-10-16 00:48:22,1
2024-10-16 01:03:02,1
2024-10-16 01:18:51,1
2024-10-16 01:34:36,1
2024-10-16 01:48:57,1
2024-10-16 02:04:07,1
2024-10-16 02:17:35,1
2024-10-16 02:31:02,1
2024-10-16 02:47:37,1
2024-10-16 03:01:31,1
2024-10-16 03:20:36,1
2024-10-16 03:30:38,1
2024-10-16 03:47:06,1
2024-10-16 04:04:56,1
2024-10-16 04:17:48,1
2024-10-16 04:33:51,1
2024-10-16 04:45:42,1
2024-10-16 05:04:12,1
2024-10-16 05:19:36,1
2024-10-16 05:30:30,1
2024-10-16 05:49:30,1
2024-10-16 06:02:36,1
2024-10-16 06:19:12,1
2024-10-16 06:35:28,1
2024-10-16 06:46:14,1
2024-10-16 07:02:48,1
2024-10-16 07:15:30,1
2024-10-16 07:35:23,1
2024-10-16 07:49:16,1
2024-10-16 08:04:26,1
2024-10-16 08:21:06,1
2024-10-16 08:34:20,1
2024-10-16 08:50:22,1
2024-10-16 09:01:47,2
2024-10-16 09:18:54,1
2024-10-16 09:33:49,1
2024-10-16 09:49:37,1
2024-10-16 10:04:13,1
2024-10-16 10:18:30,1
2024-10-16 10:32:03,1
2024-10-16 10:50:10,1
2024-10-16 11:03:28,1
2024-10-16 11:16:30,1
2024-10-16 11:33:42,1
2024-10-16 11:50:32,1
2024-10-16 12:03:57,1
2024-10-16 12:18:20,1
2024-10-16 12:31:08,1
2024-10-16 12:45:52,1
2024-10-16 13:01:43,1
2024-10-16 13:19:53,1
2024-10-16 13:32:17,1
2024-10-16 13:48:38,1
2024-10-16 14:02:12,1
2024-10-16 14:18:29,1
2024-10-16 14:31:33,1
2024-10-16 14:49:53,1
2024-10-16 15:05:28,1
2024-10-16 15:19:04,1
2024-10-16 15:32:42,1
2024-10-16 15:46:16,1
2024-10-16 16:03:27,1
2024-10-16 16:19:11,1
2024-10-16 16:32:01,1
2024-10-16 16:48:17,1
2024-10-16 17:02:43,1
2024-10-16 17:17:12,1
2024-10-16 17:31:57,1
2024-10-16 17:48:47,1
2024-10-16 18:00:54,1
2024-10-16 18:19:08,1
2024-10-16 18:33:44,1
2024-10-16 18:45:26,1
2024-10-16 19:01:07,1
2024-10-16 19:20:20,1
2024-10-16 19:34:14,1
2024-10-16 19:48:20,1
2024-10-16 20:04:57,2
2024-10-16 20:15:51,1
2024-10-16 20:30:27,1
2024-10-16 20:50:30,1
2024-10-16 21:01:57,1
2024-10-16 21:17:47,1
2024-10-16 21:33:16,2
2024-10-16 21:47:58,1
2024-10-16 22:01:15,1
2024-10-16 22:16:16,1
2024-10-16 22:33:19,1
2024-10-16 22:51:00,4
2024-10-16 23:03:06,1
2024-10-16 23:19:47,1
2024-10-16 23:35:03,1
2024-10-16 23:49:12,1
2024-10-17 00:00:48,1
2024-10-17 00:18:53,2
2024-10-17 00:31:10,1
2024-10-17 00:46:24,1
2024-10-17 01:00:53,1
2024-10-17 01:15:52,1
2024-10-17 01:31:25,1
2024-10-17 01:50:31,1
2024-10-17 02:02:32,1
2024-10-17 02:16:57,1
2024-10-17 02:30:20,1
2024-10-17 02:46:17,1
2024-10-17 03:02:32,1
2024-10-17 03:17:02,1
2024-10-17 03:34:22,1
2024-10-17 03:51:40,1
2024-10-17 04:04:55,1
2024-10-17 04:20:00,1
2024-10-17 04:32:42,1
2024-10-17 04:47:38,1
2024-10-17 05:05:12,1
2024-10-17 05:21:25,1
2024-10-17 05:33:33,1
2024-10-17 05:47:28,1
2024-10-17 06:03:19,1
2024-10-17 06:20:07,1
2024-10-17 06:35:03,1
2024-10-17 06:47:21,1
2024-10-17 07:01:17,1
2024-10-17 07:18:35,1
2024-10-17 07:32:01,1
2024-10-17 07:49:42,1
2024-10-17 08:03:26,1
2024-10-17 08:16:03,1
2024-10-17 08:34:59,1
2024-10-17 08:48:05,1
2024-10-17 09:03:53,1
2024-10-17 09:16:16,2
2024-10-17 09:35:48,1
2024-10-17 09:48:23,1
2024-10-17 10:03:05,1
2024-10-17 10:18:57,1
2024-10-17 10:33:33,1
2024-10-17 10:48:51,1
2024-10-17 11:00:46,1
2024-10-17 11:16:37,1
2024-10-17 11:35:28,1
2024-10-17 11:49:15,2
2024-10-17 12:01:52,2
2024-10-17 12:18:43,2
2024-10-17 12:31:35,2
2024-10-17 12:48:45,1
2024-10-17 13:03:43,1
2024-10-17 13:15:35,1
2024-10-17 13:34:57,1
2024-10-17 13:46:23,1
2024-10-17 14:05:15,1
2024-10-17 14:17:45,1
2024-10-17 14:32:25,1
2024-10-17 14:45:39,1
2024-10-17 15:00:51,1
2024-10-17 15:18:17,1
2024-10-17 15:34:44,1
2024-10-17 15:45:40,1
2024-10-17 16:01:24,1
2024-10-17 16:20:02,1
2024-10-17 16:32:35,1
2024-10-17 16:49:30,1
2024-10-17 17:01:58,1
2024-10-17 17:20:00,1
2024-10-17 17:34:36,1
2024-10-17 17:47:09,1
2024-10-17 18:02:19,1
2024-10-17 18:20:10,1
2024-10-17 18:31:38,1
2024-10-17 18:46:53,1
2024-10-17 19:03:06,1
2024-10-17 19:16:43,1
2024-10-17 19:32:58,1
2024-10-17 19:50:35,1
2024-10-17 20:03:37,1
2024-10-17 20:15:32,1
2024-10-17 20:32:33,2
2024-10-17 20:48:30,1
2024-10-17 21:05:00,1
2024-10-17 21:20:21,1
2024-10-17 21:32:19,1
2024-10-17 21:48:01,1
2024-10-17 22:01:14,1
2024-10-17 22:20:23,1
2024-10-17 22:32:29,1
2024-10-17 22:46:00,1
2024-10-17 23:00:49,1
2024-10-17 23:18:45,1
2024-10-17 23:31:28,1
2024-10-17 23:46:57,1
2024-10-18 00:00:36,1
2024-10-18 00:16:28,1
2024-10-18 00:31:14,1
2024-10-18 00:47:53,1
2024-10-18 01:04:57,1
2024-10-18 01:17:24,1
2024-10-18 01:33:08,1
2024-10-18 01:47:30,1
2024-10-18 02:05:09,1
2024-10-18 02:18:01,1
2024-10-18 02:36:07,1
2024-10-18 02:46:37,1
2024-10-18 03:03:49,2
2024-10-18 03:17:18,1
2024-10-18 03:32:37,1
2024-10-18 03:48:55,1
2024-10-18 04:01:33,2
2024-10-18 04:20:39,1
2024-10-18 04:31:49,1
2024-10-18 04:49:48,1
2024-10-18 05:06:03,1
2024-10-18 05:19:20,1
2024-10-18 05:32:16,1
2024-10-18 05:47:31,1
2024-10-18 06:01:51,1
2024-10-18 06:19:39,2
2024-10-18 06:33:24,1
2024-10-18 06:49:33,1
2024-10-18 07:01:29,1
2024-10-18 07:19:09,1
2024-10-18 07:35:47,2
2024-10-18 07:47:11,1
2024-10-18 08:05:34,1
2024-10-18 08:06:48,1
2024-10-18 08:07:26,1
2024-10-18 08:10:09,1
2024-10-18 08:18:00,2
2024-10-18 08:30:47,1
2024-10-18 08:48:14,1
2024-10-18 09:00:22,1
2024-10-18 09:19:50,1
2024-10-18 09:32:32,1
2024-10-18 09:48:12,1
2024-10-18 10:04:26,1
2024-10-18 10:18:49,1
2024-10-18 10:31:32,1
2024-10-18 10:47:40,1
2024-10-18 11:05:11,1
2024-10-18 11:17:53,1
2024-10-18 11:33:21,1
2024-10-18 11:49:40,1
2024-10-18 12:02:54,1
2024-10-18 12:18:26,1
2024-10-18 12:32:53,1
2024-10-18 12:49:09,1
2024-10-18 13:01:13,1
2024-10-18 13:17:39,1
2024-10-18 13:33:29,1
2024-10-18 13:48:10,1
2024-10-18 14:03:04,1
2024-10-18 14:16:42,1
2024-10-18 14:34:25,1
2024-10-18 14:51:38,1
2024-10-18 15:02:24,1
2024-10-18 15:19:57,1
2024-10-18 15:32:38,1
2024-10-18 15:48:40,1
2024-10-18 16:03:29,1
2024-10-18 16:18:07,1
2024-10-18 16:33:53,1
2024-10-18 16:50:26,1
2024-10-18 17:03:44,1
2024-10-18 17:20:50,1
2024-10-18 17:31:33,1
2024-10-18 17:48:21,1
2024-10-18 18:01:01,1
2024-10-18 18:16:11,1
2024-10-18 18:33:11,1
2024-10-18 18:47:44,1
2024-10-18 19:00:55,1
2024-10-18 19:17:26,1
2024-10-18 19:33:06,1
2024-10-18 19:46:08,1
2024-10-18 20:01:28,1
2024-10-18 20:17:51,2
2024-10-18 20:32:43,1
2024-10-18 20:49:25,1
2024-10-18 21:03:33,1
2024-10-18 21:15:55,1
2024-10-18 21:34:20,1
2024-10-18 21:45:25,1
2024-10-18 22:01:44,1
2024-10-18 22:16:24,1
2024-10-18 22:31:53,1
2024-10-18 22:48:35,1
2024-10-18 23:02:56,1
2024-10-18 23:20:11,1
2024-10-18 23:34:21,1
2024-10-18 23:50:56,1
2024-10-19 00:02:55,1
2024-10-19 00:20:26,1
2024-10-19 00:30:50,1
2024-10-19 00:45:27,1
2024-10-19 01:01:53,1
2024-10-19 01:17:36,1
2024-10-19 01:35:13,1
2024-10-19 01:49:41,1
2024-10-19 02:05:36,1
2024-10-19 02:16:58,1
2024-10-19 02:32:59,1
2024-10-19 02:48:57,1
2024-10-19 03:01:11,1
2024-10-19 03:19:13,1
2024-10-19 03:33:05,1
2024-10-19 03:45:42,1
2024-10-19 04:01:41,1
2024-10-19 04:16:27,1
2024-10-19 04:31:33,1
2024-10-19 04:50:02,1
2024-10-19 05:03:15,1
2024-10-19 05:16:38,1
2024-10-19 05:30:48,1
2024-10-19 05:49:09,1
2024-10-19 06:01:42,1
2024-10-19 06:18:15,2
2024-10-19 06:31:05,1
2024-10-19 06:45:35,1
2024-10-19 07:04:55,1
2024-10-19 07:18:29,1
2024-10-19 07:34:29,1
2024-10-19 07:48:37,1
2024-10-19 08:04:07,1
2024-10-19 08:16:10,1
2024-10-19 08:31:53,1
2024-10-19 08:48:14,1
2024-10-19 09:04:44,2
2024-10-19 09:18:48,1
2024-10-19 09:32:34,1
2024-10-19 09:45:57,1
2024-10-19 10:00:40,1
2024-10-19 10:16:09,1
2024-10-19 10:30:45,1
2024-10-19 10:46:28,1
2024-10-19 11:04:49,1
2024-10-19 11:15:50,1
2024-10-19 11:31:47,1
2024-10-19 11:47:02,2
2024-10-19 12:01:34,1
2024-10-19 12:18:46,1
2024-10-19 12:35:09,1
2024-10-19 12:48:27,1
2024-10-19 13:03:08,1
2024-10-19 13:16:38,1
2024-10-19 13:32:59,1
2024-10-19 13:49:43,1
2024-10-19 14:03:47,1
2024-10-19 14:21:02,1
2024-10-19 14:32:47,1
2024-10-19 14:48:40,2
2024-10-19 15:05:04,1
2024-10-19 15:15:52,1
2024-10-19 15:30:45,1
2024-10-19 15:48:29,1
2024-10-19 16:03:30,1
2024-10-19 16:18:40,1
2024-10-19 16:31:57,1
2024-10-19 16:48:34,1
2024-10-19 17:02:15,1
2024-10-19 17:20:15,1
2024-10-19 17:31:24,1
2024-10-19 17:47:50,2
2024-10-19 18:04:04,1
2024-10-19 18:18:11,1
2024-10-19 18:35:20,1
2024-10-19 18:48:10,1
2024-10-19 19:04:00,1
2024-10-19 19:19:41,1
2024-10-19 19:34:45,1
2024-10-19 19:46:30,1
2024-10-19 20:05:43,1
2024-10-19 20:17:11,1
2024-10-19 20:33:09,1
2024-10-19 20:49:49,1
2024-10-19 21:02:55,1
2024-10-19 21:17:12,1
2024-10-19 21:33:48,1
2024-10-19 21:49:51,1
2024-10-19 22:04:00,1
2024-10-19 22:15:34,1
2024-10-19 22:32:18,2
2024-10-19 22:49:24,1
2024-10-19 23:01:02,1
2024-10-19 23:19:14,1
2024-10-19 23:31:38,1
2024-10-19 23:49:24,1
2024-10-20 00:02:24,1
2024-10-20 00:17:41,1
2024-10-20 00:32:23,1
2024-10-20 00:50:42,1
2024-10-20 01:01:24,1
2024-10-20 01:19:25,1
2024-10-20 01:35:13,1
2024-10-20 01:46:47,1
2024-10-20 02:01:14,1
2024-10-20 02:20:00,1
2024-10-20 02:34:25,1
2024-10-20 02:49:20,2
2024-10-20 03:03:06,1
2024-10-20 03:19:41,1
2024-10-20 03:33:30,1
2024-10-20 03:46:02,1
2024-10-20 04:02:26,1
2024-10-20 04:15:49,1
2024-10-20 04:32:55,1
2024-10-20 04:46:06,1
2024-10-20 05:05:44,1
2024-10-20 05:20:03,1
2024-10-20 05:30:51,1
2024-10-20 05:47:16,1
2024-10-20 06:02:00,1
2024-10-20 06:20:23,1
2024-10-20 06:30:58,1
2024-10-20 06:47:46,1
2024-10-20 07:01:11,1
2024-10-20 07:18:29,1
2024-10-20 07:32:12,1
2024-10-20 07:51:08,1
2024-10-20 08:01:30,1
2024-10-20 08:18:45,1
2024-10-20 08:32:09,1
2024-10-20 08:49:42,1
2024-10-20 09:01:02,1
2024-10-20 09:17:55,1
2024-10-20 09:32:59,1
2024-10-20 09:49:33,1
2024-10-20 10:02:34,1
2024-10-20 10:19:42,1
2024-10-20 10:34:29,1
2024-10-20 10:49:31,1
2024-10-20 11:01:55,1
2024-10-20 11:19:39,1
2024-10-20 11:32:22,1
2024-10-20 11:47:13,1
2024-10-20 12:03:27,1
2024-10-20 12:16:48,1
2024-10-20 12:35:24,1
2024-10-20 12:50:11,1
2024-10-20 13:05:43,1
2024-10-20 13:17:58,1
2024-10-20 13:31:33,1
2024-10-20 13:48:06,1
2024-10-20 14:02:46,1
2024-10-20 14:16:29,1
2024-10-20 14:32:24,1
2024-10-20 14:48:11,1
2024-10-20 15:04:16,1
2024-10-20 15:17:15,1
2024-10-20 15:34:53,1
2024-10-20 15:50:26,1
2024-10-20 16:03:09,2
2024-10-20 16:19:21,1
2024-10-20 16:31:27,1
2024-10-20 16:49:31,1
2024-10-20 17:01:00,1
2024-10-20 17:18:36,1
2024-10-20 17:30:55,1
2024-10-20 17:47:58,1
2024-10-20 18:03:35,1
2024-10-20 18:19:32,1
2024-10-20 18:33:05,1
2024-10-20 18:48:14,2
2024-10-20 19:04:01,1
2024-10-20 19:17:31,1
2024-10-20 19:32:34,1
2024-10-20 19:45:31,2
2024-10-20 20:03:47,1
2024-10-20 20:17:25,1
2024-10-20 20:32:55,1
2024-10-20 20:45:43,1
2024-10-20 21:04:04,1
2024-10-20 21:20:51,1
2024-10-20 21:33:05,1
2024-10-20 21:47:02,1
2024-10-20 22:00:44,1
2024-10-20 22:18:58,1
2024-10-20 22:35:52,1
2024-10-20 22:50:44,1
2024-10-20 23:04:03,1
2024-10-20 23:19:55,1
2024-10-20 23:34:22,1
2024-10-20 23:49:49,1
2024-10-21 00:03:00,1
2024-10-21 00:16:34,1
2024-10-21 00:34:24,1
2024-10-21 00:46:20,1
2024-10-21 01:04:31,1
2024-10-21 01:19:38,1
2024-10-21 01:34:39,1
2024-10-21 01:46:56,1
2024-10-21 02:04:59,1
2024-10-21 02:19:40,1
2024-10-21 02:31:37,1
2024-10-21 02:48:43,1
2024-10-21 03:03:41,1
2024-10-21 03:15:21,1
2024-10-21 03:33:05,1
2024-10-21 03:50:07,1
2024-10-21 04:00:28,1
2024-10-21 04:17:47,1
2024-10-21 04:31:06,1
2024-10-21 04:49:37,1
2024-10-21 05:05:27,2
2024-10-21 05:15:58,1
2024-10-21 05:35:01,1
2024-10-21 05:46:22,1
2024-10-21 06:02:04,1
2024-10-21 06:17:06,1
2024-10-21 06:35:07,1
2024-10-21 06:48:21,1
2024-10-21 07:03:36,1
2024-10-21 07:16:49,2
2024-10-21 07:31:13,1
2024-10-21 07:50:06,1
2024-10-21 08:05:13,1
2024-10-21 08:15:32,2
2024-10-21 08:30:58,1
2024-10-21 08:49:50,1
2024-10-21 09:05:36,1
2024-10-21 09:18:56,1
2024-10-21 09:31:25,1
2024-10-21 09:47:42,1
2024-10-21 10:03:18,2
2024-10-21 10:16:37,1
2024-10-21 10:36:13,1
2024-10-21 10:48:17,1
2024-10-21 11:02:08,1
2024-10-21 11:15:56,1
2024-10-21 11:33:39,1
2024-10-21 11:48:15,1
2024-10-21 12:02:35,1
2024-10-21 12:18:17,1
2024-10-21 12:31:17,1
2024-10-21 12:46:59,1
2024-10-21 13:02:08,1
2024-10-21 13:16:05,1
2024-10-21 13:33:24,1
2024-10-21 13:49:26,1
2024-10-21 14:04:20,1
2024-10-21 14:19:59,1
2024-10-21 14:31:59,1
2024-10-21 14:47:31,1
2024-10-21 15:04:44,1
2024-10-21 15:18:13,1
2024-10-21 15:31:51,1
2024-10-21 15:50:06,1
2024-10-21 16:04:13,1
2024-10-21 16:20:25,3
2024-10-21 16:34:43,1
2024-10-21 16:50:17,1
2024-10-21 17:03:10,1
2024-10-21 17:17:49,1
2024-10-21 17:34:25,1
2024-10-21 17:49:59,2
2024-10-21 18:01:11,1
2024-10-21 18:18:08,1
2024-10-21 18:35:12,1
2024-10-21 18:47:19,1
2024-10-21 19:04:39,1
2024-10-21 19:17:41,1
2024-10-21 19:33:27,1
2024-10-21 19:49:22,1
2024-10-21 20:01:08,1
2024-10-21 20:16:47,1
2024-10-21 20:31:52,1
2024-10-21 20:48:37,1
2024-10-21 21:01:59,1
2024-10-21 21:19:44,1
2024-10-21 21:30:49,1
2024-10-21 21:47:40,1
2024-10-21 22:00:24,1
2024-10-21 22:18:27,1
2024-10-21 22:30:49,1
2024-10-21 22:45:52,1
2024-10-21 23:04:49,2
2024-10-21 23:20:15,1
2024-10-21 23:30:49,1
2024-10-21 23:45:54,1
2024-10-22 00:05:45,1
2024-10-22 00:19:48,1
2024-10-22 00:34:04,1
2024-10-22 00:47:12,2
2024-10-22 01:02:05,1
2024-10-22 01:16:00,1
2024-10-22 01:33:34,1
2024-10-22 01:48:12,1
2024-10-22 02:03:47,1
2024-10-22 02:16:45,1
2024-10-22 02:33:25,1
2024-10-22 02:46:05,1
2024-10-22 03:00:44,1
2024-10-22 03:18:54,1
2024-10-22 03:30:43,1
2024-10-22 03:45:52,1
2024-10-22 04:04:48,1
2024-10-22 04:20:59,1
2024-10-22 04:33:38,1
2024-10-22 04:49:25,1
2024-10-22 05:03:07,1
2024-10-22 05:20:05,1
2024-10-22 05:32:07,1
2024-10-22 05:49:25,1
2024-10-22 06:03:13,1
2024-10-22 06:17:21,1
2024-10-22 06:34:48,1
2024-10-22 06:50:00,1
2024-10-22 07:02:36,1
2024-10-22 07:17:00,1
2024-10-22 07:30:47,1
2024-10-22 07:45:43,1
2024-10-22 08:01:53,1
2024-10-22 08:19:52,1
2024-10-22 08:32:39,1
2024-10-22 08:47:28,1
2024-10-22 09:03:34,1
2024-10-22 09:15:27,1
2024-10-22 09:32:37,1
2024-10-22 09:46:38,1
2024-10-22 10:03:26,1
2024-10-22 10:16:05,1
2024-10-22 10:30:41,1
2024-10-22 10:47:00,1
2024-10-22 11:05:26,1
2024-10-22 11:19:56,1
2024-10-22 11:34:34,1
2024-10-22 11:47:30,1
2024-10-22 12:05:04,1
2024-10-22 12:15:45,1
2024-10-22 12:32:25,1
2024-10-22 12:47:45,1
2024-10-22 13:03:39,1
2024-10-22 13:17:02,1
2024-10-22 13:34:14,1
2024-10-22 13:50:04,1
2024-10-22 14:01:52,1
2024-10-22 14:19:25,1
2024-10-22 14:31:55,1
2024-10-22 14:47:28,1
2024-10-22 15:02:00,1
2024-10-22 15:17:36,1
2024-10-22 15:34:36,1
2024-10-22 15:45:49,1
2024-10-22 16:05:04,1
2024-10-22 16:16:41,1
2024-10-22 16:30:56,1
2024-10-22 16:47:38,1
2024-10-22 17:05:48,1
2024-10-22 17:15:33,1
2024-10-22 17:30:42,1
2024-10-22 17:49:52,1
2024-10-22 18:03:43,1
2024-10-22 18:17:17,1
2024-10-22 18:35:03,2
2024-10-22 18:47:50,1
2024-10-22 19:02:36,1
2024-10-22 19:20:03,1
2024-10-22 19:32:55,2
2024-10-22 19:51:06,1
2024-10-22 20:03:05,1
2024-10-22 20:19:14,1
2024-10-22 20:33:00,1
2024-10-22 20:48:45,1
2024-10-22 21:02:21,1
2024-10-22 21:17:41,1
2024-10-22 21:30:42,1
2024-10-22 21:50:10,1
2024-10-22 22:01:49,1
2024-10-22 22:19:28,1
2024-10-22 22:35:11,1
2024-10-22 22:50:25,1
2024-10-22 23:03:54,1
2024-10-22 23:19:26,1
2024-10-22 23:31:23,1
2024-10-22 23:47:20,1
2024-10-23 00:01:47,1
2024-10-23 00:15:23,1
2024-10-23 00:34:01,1
2024-10-23 00:48:15,1
2024-10-23 01:03:35,1
2024-10-23 01:17:11,1
2024-10-23 01:33:54,1
2024-10-23 01:46:14,1
2024-10-23 02:01:09,1
2024-10-23 02:16:35,1
2024-10-23 02:32:37,1
2024-10-23 02:47:28,1
2024-10-23 03:02:28,1
2024-10-23 03:19:27,1
2024-10-23 03:32:12,1
2024-10-23 03:48:35,2
2024-10-23 04:01:31,1
2024-10-23 04:19:14,1
2024-10-23 04:35:08,1
2024-10-23 04:48:21,1
2024-10-23 05:01:35,1
2024-10-23 05:19:46,1
2024-10-23 05:33:37,1
2024-10-23 05:48:19,1
2024-10-23 06:05:14,1
2024-10-23 06:18:20,1
2024-10-23 06:34:42,1
2024-10-23 06:48:21,1
2024-10-23 07:04:26,1
2024-10-23 07:20:26,1
2024-10-23 07:32:53,1
2024-10-23 07:47:28,1
2024-10-23 08:01:19,1
2024-10-23 08:20:08,1
2024-10-23 08:31:36,2
2024-10-23 08:46:15,1
2024-10-23 09:00:50,1
2024-10-23 09:18:13,1
2024-10-23 09:34:46,1
2024-10-23 09:49:35,1
2024-10-23 10:05:15,1
2024-10-23 10:17:09,1
2024-10-23 10:33:28,1
2024-10-23 10:49:30,1
2024-10-23 11:04:45,1
2024-10-23 11:15:53,1
2024-10-23 11:30:53,1
2024-10-23 11:50:17,1
2024-10-23 12:02:46,1
2024-10-23 12:17:13,1
2024-10-23 12:31:29,1
2024-10-23 12:47:13,1
2024-10-23 13:04:24,1
2024-10-23 13:20:28,1
2024-10-23 13:34:37,1
2024-10-23 13:50:41,1
2024-10-23 14:05:52,1
2024-10-23 14:18:28,1
2024-10-23 14:33:23,1
2024-10-23 14:46:12,1
2024-10-23 15:03:44,1
2024-10-23 15:18:35,1
2024-10-23 15:31:49,1
2024-10-23 15:46:05,1
2024-10-23 16:04:04,1
2024-10-23 16:19:25,1
2024-10-23 16:34:05,1
2024-10-23 16:48:44,1
2024-10-23 17:03:53,1
2024-10-23 17:15:30,1
2024-10-23 17:31:19,1
2024-10-23 17:48:23,1
2024-10-23 18:04:29,1
2024-10-23 18:18:32,1
2024-10-23 18:34:18,1
2024-10-23 18:49:10,1
2024-10-23 19:02:10,1
2024-10-23 19:18:58,1
2024-10-23 19:32:10,1
2024-10-23 19:49:54,1
2024-10-23 20:04:37,1
2024-10-23 20:20:19,1
2024-10-23 20:30:28,1
2024-10-23 20:47:15,1
2024-10-23 21:00:39,1
2024-10-23 21:16:00,1
2024-10-23 21:31:37,1
2024-10-23 21:48:04,1
2024-10-23 22:03:38,1
2024-10-23 22:16:16,1
2024-10-23 22:32:09,1
2024-10-23 22:46:15,1
2024-10-23 23:01:14,1
2024-10-23 23:16:52,1
2024-10-23 23:35:29,1
2024-10-23 23:46:19,1
2024-10-24 00:02:43,1
2024-10-24 00:19:48,1
2024-10-24 00:31:01,1
2024-10-24 00:48:13,1
2024-10-24 01:01:41,1
2024-10-24 01:21:09,1
2024-10-24 01:31:31,1
2024-10-24 01:50:11,1
2024-10-24 02:03:37,1
2024-10-24 02:17:21,1
2024-10-24 02:31:52,1
2024-10-24 02:48:09,1
2024-10-24 03:02:06,1
2024-10-24 03:19:07,1
2024-10-24 03:33:42,1
2024-10-24 03:46:27,1
2024-10-24 04:02:44,1
2024-10-24 04:18:20,1
2024-10-24 04:34:34,1
2024-10-24 04:48:34,1
2024-10-24 05:02:12,1
2024-10-24 05:20:03,1
2024-10-24 05:31:35,1
2024-10-24 05:48:36,1
2024-10-24 06:04:47,2
2024-10-24 06:19:54,1
2024-10-24 06:33:59,1
2024-10-24 06:49:31,1
2024-10-24 07:03:10,1
2024-10-24 07:15:34,1
2024-10-24 07:35:57,1
2024-10-24 07:49:54,1
2024-10-24 08:00:55,1
2024-10-24 08:18:47,1
2024-10-24 08:35:12,1
2024-10-24 08:49:24,1
2024-10-24 09:02:54,1
2024-10-24 09:19:00,1
2024-10-24 09:35:04,1
2024-10-24 09:48:10,1
2024-10-24 10:04:03,1
2024-10-24 10:16:45,1
2024-10-24 10:32:20,1
2024-10-24 10:46:04,1
2024-10-24 11:02:26,1
2024-10-24 11:18:46,1
2024-10-24 11:32:03,1
2024-10-24 11:48:51,1
2024-10-24 12:02:13,1
2024-10-24 12:17:15,1
2024-10-24 12:32:14,1
2024-10-24 12:45:47,1
2024-10-24 13:03:17,1
2024-10-24 13:16:25,1
2024-10-24 13:31:55,1
2024-10-24 13:49:17,1
2024-10-24 14:04:13,1
2024-10-24 14:18:18,1
2024-10-24 14:31:42,1
2024-10-24 14:48:25,1
2024-10-24 15:00:30,1
2024-10-24 15:19:34,1
2024-10-24 15:31:24,1
2024-10-24 15:50:05,2
2024-10-24 16:04:59,1
2024-10-24 16:15:34,1
2024-10-24 16:32:39,1
2024-10-24 16:49:34,1
2024-10-24 17:01:20,1
2024-10-24 17:18:40,1
2024-10-24 17:32:50,1
2024-10-24 17:47:04,1
2024-10-24 18:01:50,1
2024-10-24 18:19:45,1
2024-10-24 18:34:45,1
2024-10-24 18:46:46,1
2024-10-24 19:00:36,1
2024-10-24 19:16:02,1
2024-10-24 19:31:11,1
2024-10-24 19:49:59,1
2024-10-24 20:00:54,2
2024-10-24 20:15:55,1
2024-10-24 20:33:27,1
2024-10-24 20:45:41,1
2024-10-24 21:05:05,1
2024-10-24 21:17:48,2
2024-10-24 21:32:20,1
2024-10-24 21:49:30,1
2024-10-24 22:05:27,1
2024-10-24 22:18:43,1
2024-10-24 22:32:54,1
2024-10-24 22:46:06,1
2024-10-24 23:02:15,1
2024-10-24 23:16:07,1
2024-10-24 23:31:23,1
2024-10-24 23:48:56,1
2024-10-25 00:03:37,1
2024-10-25 00:16:39,1
2024-10-25 00:33:10,1
2024-10-25 00:49:47,1
2024-10-25 01:03:19,1
2024-10-25 01:20:09,1
2024-10-25 01:32:47,1
2024-10-25 01:49:45,1
2024-10-25 02:01:34,1
2024-10-25 02:15:59,1
2024-10-25 02:35:53,1
2024-10-25 02:46:53,2
2024-10-25 03:03:45,1
2024-10-25 03:18:25,1
2024-10-25 03:34:20,1
2024-10-25 03:49:43,1
2024-10-25 04:00:48,1
2024-10-25 04:18:31,1
2024-10-25 04:35:09,2
2024-10-25 04:50:10,1
2024-10-25 05:04:05,1
2024-10-25 05:16:25,1
2024-10-25 05:36:56,1
2024-10-25 05:46:29,1
2024-10-25 06:04:02,1
2024-10-25 06:19:36,1
2024-10-25 06:34:16,1
2024-10-25 06:50:27,1
2024-10-25 07:04:01,1
2024-10-25 07:16:26,1
2024-10-25 07:32:26,1
2024-10-25 07:46:42,1
2024-10-25 08:03:44,1
2024-10-25 08:19:18,1
2024-10-25 08:32:39,1
2024-10-25 08:49:11,1
2024-10-25 09:01:07,1
2024-10-25 09:15:39,1
2024-10-25 09:34:00,2
2024-10-25 09:47:47,1
2024-10-25 10:02:03,1
2024-10-25 10:15:46,1
2024-10-25 10:35:27,1
2024-10-25 10:47:01,1
2024-10-25 11:03:41,1
2024-10-25 11:18:41,1
2024-10-25 11:30:24,1
2024-10-25 11:48:45,1
2024-10-25 12:05:39,1
2024-10-25 12:20:21,1
2024-10-25 12:33:49,1
2024-10-25 12:46:34,2
2024-10-25 13:03:53,1
2024-10-25 13:19:35,1
2024-10-25 13:31:53,1
2024-10-25 13:50:28,1
2024-10-25 14:04:30,1
2024-10-25 14:19:42,1
2024-10-25 14:30:47,1
2024-10-25 14:45:58,1
2024-10-25 15:05:20,1
2024-10-25 15:16:07,1
2024-10-25 15:31:57,1
2024-10-25 15:47:39,1
2024-10-25 16:03:24,1
2024-10-25 16:16:33,1
2024-10-25 16:33:11,1
2024-10-25 16:47:48,1
2024-10-25 17:02:56,1
2024-10-25 17:16:41,1

